id_municipio,cbo_2002,descricao_cargo,vinc_2020,vinc_2021,vinc_2022,sal_2020,sal_2021,sal_2022,eleg_2020,eleg_2021,eleg_2022,delta_vinc_pct,delta_eleg_pct
3509502,142320,Gerente De Vendas,4493,4741,5055,10486.35,11710.24,17105.54,1180,1874,3218,12.5,172.7
3509502,223505,Enfermeiro,6920,8070,8237,5521.69,5608.11,9337.02,0,0,2886,19.0,
3509502,212405,Analista De Desenvolvimento De Sistemas,12355,16591,22312,7316.59,8160.01,10053.97,46,64,2675,80.6,5715.2
3509502,142520,Gerente De Projetos De Tecnologia Da Informação,1625,2444,3026,14328.62,14666.29,18121.67,1171,1892,2449,86.2,109.1
3509502,234505,Professor De Ensino Superior Na Área De Didática,2530,2391,2368,12956.02,13384.57,15875.44,0,0,2257,-6.4,
3509502,142510,Gerente De Desenvolvimento De Sistemas,586,1131,2011,13394.4,14467.95,16099.33,345,885,1911,243.2,453.9
3509502,142305,Gerente Comercial,4910,4939,4931,6459.19,8775.59,15332.95,387,839,1815,0.4,369.0
3509502,413225,Escriturário De Banco,1894,1778,1690,9461.36,10148.6,34658.74,0,0,1688,-10.8,
3509502,142105,Gerente Administrativo,7247,7940,8380,6344.14,7143.0,9469.69,575,896,1642,15.6,185.6
3509502,252105,Administrador,8232,10101,10435,6021.14,5883.46,9471.54,170,190,1258,26.8,640.0
3509502,215305,Piloto De Aeronaves,1225,1193,1250,15567.75,18641.52,31365.69,1207,1176,1236,2.0,2.4
3509502,253215,Gerente De Contas - Pessoa Física E Jurídica,789,1372,1397,7341.24,8153.23,19396.53,24,51,1129,77.1,4604.2
3509502,142605,Gerente De Pesquisa E Desenvolvimento (P&D),945,1096,1185,15644.4,16634.52,23145.12,653,857,981,25.4,50.2
3509502,222110,Engenheiro Agrônomo,917,1103,1226,13223.6,14872.0,17609.2,522,798,918,33.7,75.9
3509502,111405,Dirigente Do Serviço Público Federal,42,811,817,13338.61,20425.53,20806.75,0,810,817,1845.2,
3509502,142315,Gerente De Marketing,1113,1265,1488,11334.46,12322.11,16316.04,301,578,700,33.7,132.6
3509502,142330,Analista De Negócios,1852,4260,5542,5944.68,6683.17,7306.43,123,37,666,199.2,441.5
3509502,142205,Gerente De Recursos Humanos,936,1136,1233,10003.21,11307.11,14447.29,198,445,666,31.7,236.4
3509502,141205,Gerente De Produção E Operações,1644,1784,1871,9540.13,10357.12,14374.07,470,437,634,13.8,34.9
3509502,521105,Vendedor Em Comércio Atacadista,6423,6529,7573,4084.38,4483.75,5205.67,418,439,540,17.9,29.2
3509502,214305,Engenheiro Eletricista,606,668,736,11143.46,12032.84,15536.27,42,123,501,21.5,1092.9
3509502,142115,Gerente Financeiro,1364,1486,1494,8410.43,9658.2,13037.47,221,343,492,9.5,122.6
3509502,123305,Diretor Comercial,449,523,553,28329.81,32777.69,101982.97,359,424,487,23.2,35.7
3509502,212315,Administrador De Sistemas Operacionais,283,493,738,8595.3,13924.08,15047.95,45,271,445,160.8,888.9
3509502,214425,Engenheiro Aeronáutico,376,440,449,11246.56,12323.02,16909.79,0,0,437,19.4,
3509502,234515,Professor De Ensino Superior Na Área De Pesquisa Educacional,431,410,416,24070.04,24373.85,28869.77,356,337,410,-3.5,15.2
3509502,520110,Supervisor De Vendas Comercial,4446,5617,5240,5377.89,5599.81,7962.42,79,30,409,17.9,417.7
3509502,121010,Diretor Geral De Empresa E Organizações (Exceto De Interesse Público),446,500,524,25793.1,39567.04,104105.83,248,344,408,17.5,64.5
3509502,142705,Gerente De Projetos E Serviços De Manutenção,817,916,1089,8528.71,9647.86,14068.45,131,139,406,33.3,209.9
3509502,141415,Gerente De Loja E Supermercado,4312,4792,4973,4104.36,4339.57,9436.73,2,12,392,15.3,19500.0
3509502,111345,Juiz Do Trabalho,339,393,385,37144.4,37007.77,37297.08,339,393,385,13.6,13.6
3509502,141605,Gerente De Operações De Transportes,547,513,532,5785.2,6591.58,13691.29,7,10,379,-2.7,5314.3
3509502,317110,Desenvolvedor De Sistemas De Tecnologia Da Informação (Técnico),1789,2554,2334,4492.35,5242.6,8024.9,0,0,362,30.5,
3509502,225125,Médico Clínico,1335,1649,1616,10249.6,10109.2,11314.3,18,18,360,21.0,1900.0
3509502,223305,Médico Veterinário,557,490,545,9454.42,10905.96,12889.67,11,322,356,-2.2,3136.4
3509502,214910,Engenheiro De Controle De Qualidade,515,758,681,10480.09,11915.92,15579.8,25,310,343,32.2,1272.0
3509502,354135,Técnico De Vendas,2124,2195,2303,6887.16,6731.66,8943.67,224,30,331,8.4,47.8
3509502,223605,Fisioterapeuta Geral,1102,1154,1175,3759.15,4191.6,8225.02,1,1,327,6.6,32600.0
3509502,142405,Gerente De Compras,440,572,630,9485.5,13022.92,16352.15,106,255,311,43.2,193.4
3509502,123105,Diretor Administrativo,438,490,455,15877.79,19459.2,81089.06,194,244,304,3.9,56.7
3509502,214205,Engenheiro Civil,641,689,763,10920.22,10741.03,24608.31,184,175,296,19.0,60.9
3509502,410105,Supervisor Administrativo,8718,9147,9546,4263.13,4805.14,6518.6,80,163,288,9.5,260.0
3509502,351425,Oficial De Justiça,306,297,295,22427.83,22661.93,22804.75,297,291,288,-3.6,-3.0
3509502,141710,Gerente De Agência,223,288,291,11110.79,12315.05,34872.13,6,3,285,30.5,4650.0
3509502,225124,Médico Pediatra,378,369,319,11805.62,12291.73,14634.93,39,41,275,-15.6,605.1
3509502,203210,Pesquisador De Engenharia E Tecnologia (Outras Áreas Da Engenharia),300,410,581,9929.1,9735.12,15114.62,42,33,264,93.7,528.6
3509502,131305,Diretor De Instituição Educacional Da Área Privada,289,340,361,7361.68,7307.89,16276.99,11,11,253,24.9,2200.0
3509502,261210,Documentalista,200,312,532,3478.81,4584.49,9488.88,0,2,252,166.0,
3509502,141615,Gerente De Logística (Armazenagem E Distribuição),956,906,978,6680.91,7681.69,13224.87,75,86,247,2.3,229.3
3509502,141410,Comerciante Varejista,1717,1711,1498,2816.5,2669.72,5011.86,0,0,235,-12.8,
3509502,141420,Gerente De Operações De Serviços De Assistência Técnica,429,513,529,6536.15,7526.88,12840.67,12,23,229,23.3,1808.3
3509502,131210,Gerente De Serviços De Saúde,321,412,438,7457.36,8861.97,11240.98,2,8,213,36.4,10550.0
3509502,521110,Vendedor De Comércio Varejista,47723,50004,49385,2515.12,2869.08,4005.71,0,2,212,3.5,
3509502,142410,Gerente De Suprimentos,254,304,305,10275.76,16356.91,21369.74,62,180,199,20.1,221.0
3509502,253115,Publicitário,413,535,487,3773.15,7871.22,10720.27,35,182,198,17.9,465.7
3509502,313130,Técnico Eletricista,736,849,934,5088.44,5360.1,9055.76,0,0,188,26.9,
3509502,354120,Agente De Vendas De Serviços,1836,2057,2131,5380.17,5527.22,6949.22,0,0,180,16.1,
3509502,252205,Auditor (Contadores E Afins),912,819,853,6384.76,7157.35,9660.23,92,98,174,-6.5,89.1
3509502,252210,Contador,3733,4216,4198,5607.14,6296.9,7050.5,46,54,169,12.5,267.4
3509502,123605,Diretor De Tecnologia Da Informação,103,179,181,24937.47,26524.08,33062.73,85,138,149,75.7,75.3
3509502,123115,Diretor Financeiro,132,165,161,31076.79,32805.39,85849.15,109,133,144,22.0,32.1
3509502,214260,Engenheiro Civil (Saneamento),24,24,177,14281.58,13847.55,29656.07,9,8,143,637.5,1488.9
3509502,142530,Gerente De Suporte Técnico De Tecnologia Da Informação,267,343,365,10125.38,10708.05,14175.86,40,79,141,36.7,252.5
3509502,212320,Administrador Em Segurança Da Informação,210,340,501,8006.73,8565.7,11963.37,12,10,138,138.6,1050.0
3509502,413205,Atendente De Agência,197,332,340,2708.96,3353.09,9713.79,0,0,134,72.6,
3509502,214405,Engenheiro Mecânico,418,399,324,8826.43,10076.39,12121.28,12,28,133,-22.5,1008.3
3509502,524105,Vendedor Em Domicílio,1205,1482,1069,3700.93,3750.86,6099.98,1,0,130,-11.3,12900.0
3509502,914405,"Mecânico De Manutenção De Automóveis, Motocicletas E Veículos Similares",7215,8016,8427,2336.26,2512.45,3247.31,0,2,126,16.8,
3509502,111415,Dirigente Do Serviço Público Municipal,63,99,126,14724.73,15939.87,18042.54,63,98,126,100.0,100.0
3509502,252305,Secretária(O) Executiva(O),1770,1871,1970,5012.23,5082.05,6444.37,9,11,124,11.3,1277.8
3509502,141705,Gerente De Produtos Bancários,77,113,148,11722.64,13132.07,25829.81,3,2,124,92.2,4033.3
3509502,513505,Auxiliar Nos Serviços De Alimentação,15272,15386,17430,1408.44,1564.45,2038.84,0,0,123,14.1,
3509502,214320,Engenheiro Eletricista De Projetos,118,155,161,10313.21,11788.11,23590.08,8,16,119,36.4,1387.5
3509502,123705,Diretor De Pesquisa E Desenvolvimento (P&D),112,84,121,29058.49,36016.49,37512.99,106,78,116,8.0,9.4
3509502,391205,Inspetor De Qualidade,3045,3475,3215,3972.92,4100.08,5165.07,31,67,113,5.6,264.5
3509502,142515,Gerente De Operação De Tecnologia Da Informação,191,219,248,14207.39,13784.47,15406.84,99,99,111,29.8,12.1
3509502,517310,Agente De Segurança,202,305,336,4323.15,8333.11,8511.34,0,109,108,66.3,
3509502,123110,Diretor Administrativo E Financeiro,157,189,208,19325.8,16383.43,95555.69,68,72,108,32.5,58.8
3509502,212215,Engenheiros De Sistemas Operacionais Em Computação,113,202,229,7386.41,8402.51,16020.87,6,33,107,102.7,1683.3
3509502,253210,Gerente De Clientes Especiais (Private),104,120,135,9207.39,10905.32,37209.22,8,1,105,29.8,1212.5
3509502,354130,Promotor De Vendas Especializado,1799,2788,2340,4257.84,5468.4,7536.37,11,8,103,30.1,836.4
3509502,123205,Diretor De Recursos Humanos,102,123,119,32506.13,35404.26,48825.99,79,107,102,16.7,29.1
3509502,420135,Supervisor De Telemarketing E Atendimento,1114,1491,1442,3769.78,3797.39,6144.23,1,3,99,29.4,9800.0
3509502,142505,Gerente De Infraestrutura De Tecnologia Da Informação,168,127,168,11145.4,12708.31,21278.87,24,46,99,0.0,312.5
3509502,253220,Gerente De Grandes Contas (Corporate),88,139,153,14499.48,14087.92,23563.21,44,57,99,73.9,125.0
3509502,241225,Procurador Do Município,97,94,102,20471.95,24021.13,30060.01,97,94,98,5.2,1.0
3509502,203005,Pesquisador Em Biologia Ambiental,101,105,100,12615.12,12354.25,15788.76,0,0,90,-1.0,
3509502,241040,Consultor Jurídico,303,397,381,5872.9,7219.69,10503.67,16,65,87,25.7,443.8
3509502,142210,Gerente De Departamento Pessoal,356,375,380,6862.53,7838.74,12925.84,30,60,87,6.7,190.0
3509502,225140,Médico Do Trabalho,173,210,158,10026.55,9838.72,22812.14,16,37,87,-8.7,443.8
3509502,241010,Advogado De Empresa,326,350,385,9044.1,10025.23,10607.31,57,57,84,18.1,47.4
3509502,142310,Gerente De Comunicação,214,224,205,8931.08,10226.94,13026.85,53,54,83,-4.2,56.6
3509502,203405,Pesquisador Em Ciências Agronômicas,105,90,84,27816.92,29776.51,42188.93,103,79,83,-20.0,-19.4
3509502,342125,Tecnólogo Em Logística De Transporte,1833,2468,2675,2742.13,2998.15,4235.87,0,0,78,45.9,
3509502,223310,Zootecnista,96,94,85,15579.75,17608.23,25814.08,87,84,78,-11.5,-10.3
3509502,141305,Gerente De Produção E Operações Da Construção Civil E Obras Públicas,283,284,314,7818.6,7020.37,11463.27,26,21,77,11.0,196.2
3509502,121005,Diretor De Planejamento Estratégico,55,94,113,44279.07,40268.8,166866.9,50,68,77,105.5,54.0
3509502,123310,Diretor De Marketing,94,103,105,23983.53,30967.24,33500.16,41,81,75,11.7,82.9
3509502,233215,Instrutor De Aprendizagem E Treinamento Comercial,1109,1154,1297,4279.76,4956.83,7287.33,0,4,73,17.0,
3509502,252545,Analista Financeiro (Instituições Financeiras),1162,1344,1597,4215.6,4461.89,5476.03,0,0,71,37.4,
3509502,223208,Cirurgião Dentista - Clínico Geral,401,417,369,10230.78,10237.81,11791.04,5,5,70,-8.0,1300.0
3509502,225130,Médico De Família E Comunidade,103,82,78,13229.17,13439.91,14586.6,4,4,70,-24.3,1650.0
3509502,252405,Analista De Recursos Humanos,3077,3791,4244,4075.19,4558.72,6206.72,0,0,69,37.9,
3509502,214905,Engenheiro De Produção,657,764,1077,10373.79,10894.31,12594.92,53,55,69,63.9,30.2
3509502,212420,Analista De Suporte Computacional,2633,3362,4080,4801.61,4951.19,8512.6,11,8,68,55.0,518.2
3509502,123405,Diretor De Suprimentos,116,122,93,20203.21,21422.21,36556.59,61,54,67,-19.8,9.8
3509502,351605,Técnico Em Segurança Do Trabalho,2001,2260,2446,4132.35,4384.32,5668.13,1,0,66,22.2,6500.0
3509502,410240,Supervisor De Logística,406,659,1001,5614.54,5256.4,8080.69,0,4,66,146.6,
3509502,214915,Engenheiro De Segurança Do Trabalho,192,247,228,9337.56,9705.02,14397.44,22,31,66,18.8,200.0
3509502,225151,Médico Anestesiologista,171,150,128,12258.79,13012.76,15582.12,67,64,64,-25.1,-4.5
3509502,214340,Engenheiro De Telecomunicações,190,176,139,10571.57,9655.46,11975.75,27,1,63,-26.8,133.3
3509502,241005,Advogado,836,985,1709,6103.92,7179.56,10484.2,37,46,60,104.4,62.2
3509502,354150,Propagandista De Produtos Famacêuticos,309,937,1329,6253.66,7711.2,9927.6,0,0,60,330.1,
3509502,122405,Diretor De Operações Comerciais (Comércio Atacadista E Varejista),70,75,64,16940.11,19398.1,83564.83,38,53,60,-8.6,57.9
3509502,233210,Instrutor De Aprendizagem E Treinamento Industrial,871,978,1123,4880.55,6068.36,8614.93,0,21,59,28.9,
3509502,142110,Gerente De Riscos,97,192,93,8739.94,10349.77,19326.08,17,55,58,-4.1,241.2
3509502,410205,Supervisor De Almoxarifado,950,928,1070,3795.59,4118.77,4989.73,0,14,57,12.6,
3509502,212410,Analista De Redes E De Comunicação De Dados,1634,1718,1814,6818.54,6453.82,8278.38,0,6,55,11.0,
3509502,225150,Médico Em Medicina Intensiva,122,99,111,13831.53,14422.42,14586.24,60,59,55,-9.0,-8.3
3509502,214105,Arquiteto De Edificações,133,128,172,10210.96,10743.05,47820.2,25,24,54,29.3,116.0
3509502,239430,Supervisor De Ensino,147,95,89,6252.87,8870.52,11423.09,48,0,53,-39.5,10.4
3509502,710205,Mestre (Construção Civil),1791,1988,2260,3988.27,4397.48,5234.19,0,0,52,26.2,
3509502,515210,Auxiliar De Farmácia De Manipulação,655,713,576,1760.03,1838.41,4197.73,0,0,52,-12.1,
3509502,214315,Engenheiro Eletricista De Manutenção,69,74,92,11730.08,13652.53,20703.67,13,21,52,33.3,300.0
3509502,254410,Fiscal De Tributos Municipal,42,63,66,14143.23,10362.82,12816.09,42,1,51,57.1,21.4
3509502,214125,Arquiteto Urbanista,61,53,62,12124.72,12569.58,13221.83,41,44,50,1.6,22.0
3509502,391130,Técnico De Planejamento E Programação Da Manutenção,225,312,311,5807.17,5826.97,6734.56,0,46,48,38.2,
3509502,252550,Profissional De Relações Com Investidores,26,31,61,6727.06,6457.21,24140.67,0,1,48,134.6,
3509502,720150,Mestre De Usinagem,178,193,127,5506.74,6204.48,10880.58,0,0,46,-28.7,
3509502,354305,Analista De Exportação E Importação,3025,3389,3739,4255.51,4671.36,5396.99,0,1,45,23.6,
3509502,391125,Técnico De Planejamento De Produção,1101,1279,1269,5218.63,5673.84,6797.36,7,11,45,15.3,542.9
3509502,354145,Vendedor Pracista,1036,993,1099,3468.4,3803.97,5604.42,4,0,45,6.1,1025.0
3509502,211205,Estatístico,51,66,93,5956.78,6422.08,18576.97,0,1,44,82.4,
3509502,342505,Controlador De Tráfego Aéreo,44,65,88,1625.2,1782.4,14637.25,0,0,42,100.0,
3509502,395105,Técnico De Apoio Em Pesquisa E Desenvolvimento (Exceto Agropecuário E Florestal),865,986,1099,5429.35,5730.47,6522.21,1,12,41,27.1,4000.0
3509502,911305,"Mecânico De Manutenção De Máquinas, Em Geral",4220,4286,4807,2826.59,3038.37,4085.18,2,0,40,13.9,1900.0
3509502,410230,Supervisor De Orçamento,163,181,166,5074.1,7164.89,6754.24,15,38,40,1.8,166.7
3509502,730105,Supervisor De Montagem E Instalação Eletroeletrônica,327,397,333,6311.14,5934.6,7488.9,0,12,39,1.8,
3509502,225270,Médico Ortopedista E Traumatologista,173,159,153,8316.21,8315.16,10113.01,30,29,39,-11.6,30.0
3509502,252530,Analista De Crédito Rural,48,55,43,15366.44,14867.49,17214.15,45,45,39,-10.4,-13.3
3509502,252715,Analista De Logistica,327,515,860,4236.78,4176.45,6844.44,0,6,37,163.0,
3509502,410225,Supervisor De Crédito E Cobrança,304,308,259,4367.98,4634.28,6388.65,21,19,37,-14.8,76.2
3509502,214310,Engenheiro Eletrônico,169,195,142,10583.58,11076.45,13840.89,23,22,37,-16.0,60.9
3509502,122610,Diretor De Operações De Serviços De Armazenamento,37,38,43,39450.46,34411.3,104123.48,37,33,37,16.2,0.0
3509502,225185,Médico Hematologista,45,41,43,16084.64,17998.1,23398.31,29,28,37,-4.4,27.6
3509502,910210,Supervisor Da Manutenção E Reparação De Veículos Pesados,81,81,74,6619.99,7625.63,12180.09,11,11,36,-8.6,227.3
3509502,142130,Analista De Riscos,0,21,73,,4121.16,9881.35,0,1,36,,
3509502,422220,Operador De Rádio-Chamada,10,8,44,4529.95,5154.9,13909.97,0,0,36,340.0,
3509502,351105,Técnico De Contabilidade,373,358,360,5345.7,5411.31,6430.31,8,8,35,-3.5,337.5
3509502,225103,Médico Infectologista,43,43,44,12240.28,12785.38,24218.87,0,22,34,2.3,
3509502,203230,Pesquisador De Engenharia Química,32,32,36,11722.19,12571.81,13931.31,2,2,34,12.5,1600.0
3509502,353235,Chefe De Serviços Bancários,0,40,34,,5485.09,23313.91,0,0,33,,
3509502,725705,Mecânico De Refrigeração,395,526,378,3239.2,2814.09,4286.22,0,0,32,-4.3,
3509502,354820,Organizador De Evento,153,178,216,3026.69,3766.1,12618.87,0,8,32,41.2,
3509502,354210,Supervisor De Compras,336,341,390,5661.25,6063.3,6552.27,4,9,31,16.1,675.0
3509502,142325,Relações Públicas,140,193,208,4781.27,5104.72,7416.08,9,9,31,48.6,244.4
3509502,214610,Engenheiro Metalurgista,52,69,35,11934.18,12096.43,16767.68,3,46,31,-32.7,933.3
3509502,318610,Desenhista Projetista Mecânico,484,411,393,5489.99,5996.07,7074.93,0,0,30,-18.8,
3509502,212425,Arquiteto De Soluções De Tecnologia Da Informação,15,54,96,7896.37,9925.39,11632.95,0,4,30,540.0,
3509502,311410,Técnico Em Plástico,27,39,60,13523.44,14821.02,10829.23,21,33,30,122.2,42.9
3509502,725205,Montador De Máquinas,1023,903,881,2898.78,3280.65,3529.98,0,2,29,-13.9,
3509502,202110,Engenheiro De Controle E Automação,73,91,76,9355.27,9883.16,14894.9,10,13,29,4.1,190.0
3509502,142525,Gerente De Segurança Da Informação,24,35,58,10918.43,18347.67,17607.23,5,22,29,141.7,480.0
3509502,316325,Técnico De Produção Em Refino De Petróleo,24,26,29,23793.82,22220.97,22441.42,24,26,29,20.8,20.8
3509502,313105,Eletrotécnico,281,365,412,4029.87,5224.47,6877.36,5,0,28,46.6,460.0
3509502,251205,Economista,124,158,172,7341.34,6802.72,8228.11,12,14,28,38.7,133.3
3509502,915305,Técnico Em Manutenção De Equipamentos E Instrumentos Médico-Hospitalares,58,64,81,5511.69,5331.5,13817.73,0,0,28,39.7,
3509502,203125,Pesquisador Em Química,54,75,79,7988.31,9194.27,12669.86,0,4,28,46.3,
3509502,314205,Técnico Mecânico Na Fabricação De Ferramentas,50,53,57,6506.27,7064.9,14159.37,0,0,28,14.0,
3509502,225121,Médico Oncologista Clínico,264,264,52,23488.5,25644.96,20280.32,237,239,27,-80.3,-88.6
3509502,122205,"Diretor De Produção E Operações Da Indústria De Transformação, Extração Mineral E Utilidades",23,25,29,37716.09,39733.49,41663.84,22,23,27,26.1,22.7
3509502,782510,Motorista De Caminhão (Rotas Regionais E Internacionais),17383,18877,20177,2668.21,2844.97,3627.98,0,0,26,16.1,
3509502,214410,Engenheiro Mecânico Automotivo,85,104,72,9885.49,10917.63,18792.5,0,2,26,-15.3,
3509502,141720,Gerente De Crédito E Cobrança,48,49,60,9882.28,16880.04,20168.56,8,21,26,25.0,225.0
3509502,410210,Supervisor De Câmbio,87,11,27,3165.5,5525.87,28524.04,0,0,26,-69.0,
3509502,312105,Técnico De Obras Civis,803,761,784,3477.22,3636.41,4976.12,0,3,25,-2.4,
3509502,300305,Técnico Em Eletromecânica,464,557,686,4792.2,5495.88,5508.33,0,22,25,47.8,
3509502,510310,Supervisor De Vigilantes,378,332,394,4261.97,4716.94,5669.75,0,0,25,4.2,
3509502,410235,Supervisor De Tesouraria,383,373,356,4766.83,6207.43,7256.28,9,15,25,-7.0,177.8
3509502,313410,Técnico Em Instrumentação,46,40,154,3908.81,4480.43,15349.32,0,0,25,234.8,
3509502,413110,Auxiliar De Contabilidade,3751,3857,3751,2398.08,2566.83,3113.8,0,0,24,0.0,
3509502,391115,Controlador De Entrada E Saída,2081,2242,2105,2410.5,2484.14,2948.49,3,0,24,1.2,700.0
3509502,225225,Médico Cirurgião Geral,119,106,120,10934.93,11296.74,11808.32,29,26,24,0.8,-17.2
3509502,142535,Tecnólogo Em Gestão Da Tecnologia Da Informação,86,84,67,7725.7,9507.8,9123.4,26,28,24,-22.1,-7.7
3509502,122620,Diretor De Operações De Serviços De Transporte,58,42,34,20294.1,30142.61,36123.27,47,30,24,-41.4,-48.9
3509502,123805,Diretor De Manutenção,32,37,29,22505.47,21365.98,107136.48,18,20,24,-9.4,33.3
3509502,325010,Aromista,16,16,24,18872.47,21261.92,19437.61,16,16,24,50.0,50.0
3509502,213205,Químico,184,175,176,7279.41,8029.2,8758.49,2,7,23,-4.3,1050.0
3509502,122615,Diretor De Operações De Serviços De Telecomunicações,30,28,24,27343.22,36646.97,53068.31,23,23,23,-20.0,0.0
3509502,520105,Supervisor De Vendas De Serviços,467,499,478,4580.36,4782.0,5602.89,10,5,22,2.4,120.0
3509502,214325,Engenheiro Eletrônico De Manutenção,39,39,32,13398.96,13433.73,16680.72,17,17,22,-17.9,29.4
3509502,241210,Procurador Autárquico,19,19,22,21016.77,20028.44,22599.97,19,17,22,15.8,15.8
3509502,314310,Técnico Mecânico (Aeronaves),513,558,631,5640.67,6353.27,11326.74,0,0,21,23.0,
3509502,861105,Operador De Central Hidrelétrica,28,34,32,12748.88,13974.1,14247.87,23,29,21,14.3,-8.7
3509502,122505,Diretor De  Produção E Operações De Alimentação,16,17,31,29111.03,25392.85,42587.44,16,12,21,93.8,31.3
3509502,354125,Assistente De Vendas,6767,7147,7719,2480.21,2702.47,3257.43,1,13,20,14.1,1900.0
3509502,142335,Analista De Pesquisa De Mercado,1866,2854,2968,4754.33,5550.82,6730.51,18,5,20,59.1,11.1
3509502,212305,Administrador De Banco De Dados,218,731,858,7499.25,8264.52,12783.71,3,13,20,293.6,566.7
3509502,314120,Técnico Mecânico (Máquinas),377,454,337,2894.34,3157.23,4806.03,0,0,20,-10.6,
3509502,214925,Engenheiro De Tempos E Movimentos,36,96,175,6880.13,6641.47,5766.63,5,15,20,386.1,300.0
3509502,391120,Planejista,124,154,135,5269.78,4909.12,6617.6,16,17,20,8.9,25.0
3509502,231330,Professor De Língua Estrangeira Moderna Do Ensino Fundamental,81,92,82,6599.76,7446.33,7887.96,16,19,20,1.2,25.0
3509502,318105,Desenhista Técnico (Arquitetura),58,65,72,2779.41,2727.21,7515.91,0,0,20,24.1,
3509502,214420,Engenheiro Mecânico Industrial,56,62,66,7327.81,7774.94,13585.64,4,9,20,17.9,400.0
3509502,811010,"Operador De Sala De Controle De Instalações Químicas, Petroquímicas E Afins",43,50,39,4127.66,3947.32,16106.22,0,0,20,-9.3,
3509502,122305,Diretor De Operações De Obras Pública E Civil,18,21,21,22909.1,21201.21,95970.82,18,21,20,16.7,11.1
3509502,141805,Gerente De Administração Em Aeroportos,0,0,20,,,93618.46,0,0,20,,
3509502,413105,Analista De Folha De Pagamento,696,822,917,3388.98,3819.59,4373.74,0,2,19,31.8,
3509502,351715,Assistente Comercial De Seguros,350,420,376,2432.04,2235.42,3405.84,0,0,19,7.4,
3509502,711230,Operador De Máquina Perfuratriz,103,97,124,3333.26,3639.17,7830.07,0,0,19,20.4,
3509502,395110,Técnico De Apoio Em Pesquisa E Desenvolvimento Agropecuário Florestal,50,48,31,10061.07,9041.73,10679.49,0,0,19,-38.0,
3509502,354140,Técnico Em Atendimento E Vendas,679,1067,1216,4084.47,5246.81,7299.0,3,7,18,79.1,500.0
3509502,141715,Gerente De Câmbio E Comércio Exterior,67,72,101,11347.8,11126.93,15059.43,6,6,18,50.7,200.0
3509502,225260,Médico Neurocirurgião,39,42,44,11901.47,11807.31,14189.79,11,14,18,12.8,63.6
3509502,910910,Supervisor De Manutenção De Vias Férreas,8,33,34,10564.62,8961.03,10449.44,0,0,18,325.0,
3509502,233110,Professor De Desenho Técnico,32,30,32,2912.9,2857.83,13704.27,0,0,18,0.0,
3509502,225170,Médico Generalista,69,47,18,12293.76,12095.34,16472.92,18,17,18,-73.9,0.0
3509502,411010,Assistente Administrativo,43037,48468,53191,2493.78,3009.7,3911.58,0,1723,17,23.6,
3509502,951105,Eletricista De Manutenção Eletroeletrônica,1227,1260,1222,3874.84,4184.46,4979.7,0,0,17,-0.4,
3509502,212205,Engenheiro De Aplicativos Em Computação,2107,3754,517,8199.61,7933.65,9778.48,14,5,17,-75.5,21.4
3509502,351730,Inspetor De Sinistros,272,278,324,1904.95,2051.06,3444.87,0,0,17,19.1,
3509502,252525,Analista De Crédito (Instituições Financeiras),264,332,291,2732.79,3553.6,5883.45,0,13,17,10.2,
3509502,950305,Supervisor De Manutenção Eletromecânica,176,162,189,7555.62,8127.48,8479.02,22,22,17,7.4,-22.7
3509502,203505,Pesquisador Em Ciências Sociais E Humanas,27,21,21,12626.62,12377.07,16661.55,7,3,17,-22.2,142.9
3509502,222120,Engenheiro Florestal,7,6,19,13019.12,13961.17,18661.17,3,4,17,171.4,466.7
3509502,354205,Comprador,2390,2612,2778,4327.57,4778.79,5686.45,0,0,16,16.2,
3509502,239405,Coordenador Pedagógico,881,857,829,5262.38,5548.17,8191.56,0,0,16,-5.9,
3509502,212310,Administrador De Redes,438,459,408,8739.59,8604.08,8778.44,111,91,16,-6.8,-85.6
3509502,352310,Agente Fiscal De Qualidade,114,110,72,5906.2,7952.08,7686.37,18,18,16,-36.8,-11.1
3509502,214510,Engenheiro Químico (Indústria Química),49,45,44,10140.31,10407.32,16495.45,9,12,16,-10.2,77.8
3509502,222215,Tecnólogo Em Alimentos,27,17,17,11536.66,19033.05,22379.59,16,16,16,-37.0,0.0
3509502,253225,Operador De Negócios,1305,1613,1662,2530.29,2630.34,3407.93,2,2,15,27.4,650.0
3509502,252605,Gestor Em Segurança,191,230,186,6785.34,7196.9,10387.39,12,11,15,-2.6,25.0
3509502,203215,Pesquisador De Engenharia Elétrica E Eletrônica,572,180,177,12477.86,9715.6,9768.5,408,15,15,-69.1,-96.3
3509502,142415,Gerente De Almoxarifado,50,53,107,3385.19,4922.77,10823.73,0,2,15,114.0,
3509502,810110,Mestre De Produção Química,107,103,90,8575.2,10119.85,9644.32,10,8,15,-15.9,50.0
3509502,223530,Enfermeiro Do Trabalho,94,83,82,5563.43,6157.99,8922.95,0,0,15,-12.8,
3509502,131315,Gerente De Instituição Educacional Da Área Privada,45,42,24,6969.52,7041.78,21324.71,3,7,15,-46.7,400.0
3509502,225139,Médico Sanitarista,17,18,17,15208.19,14397.95,15941.7,16,16,15,0.0,-6.3
3509502,950110,"Supervisor De Manutenção Eletromecânica Industrial, Comercial E Predial",294,438,450,5470.72,5503.14,6989.04,9,12,14,53.1,55.6
3509502,225112,Médico Neurologista,60,54,45,8501.07,8536.07,10900.69,0,0,14,-25.0,
3509502,241020,Advogado (Direito Público),15,21,23,14720.8,13399.38,13069.58,15,15,14,53.3,-6.7
3509502,311510,Técnico De Meteorologia,8,5,19,5163.54,6034.45,27503.45,0,0,14,137.5,
3509502,214525,Engenheiro Químico (Petróleo E Borracha),9,10,14,33919.06,29769.23,24932.4,9,10,14,55.6,55.6
3509502,322205,Técnico De Enfermagem,20686,23954,25734,2969.94,3104.68,5037.88,0,13,13,24.4,
3509502,420125,Supervisor De Recepcionistas,635,658,674,2897.66,3250.19,4078.36,0,0,13,6.1,
3509502,261215,Analista De Informações (Pesquisador De Informações De Rede),66,75,73,6488.05,5523.59,6368.65,0,1,13,10.6,
3509502,203115,Pesquisador Em Física,1,15,13,2040.0,17521.32,19931.21,0,14,13,1200.0,
3509502,724315,Soldador,2317,2773,2558,3042.56,3393.6,4334.72,0,0,12,10.4,
3509502,391215,Operador De Inspeção De Qualidade,775,762,572,2286.45,2317.52,3321.2,0,0,12,-26.2,
3509502,351725,Inspetor De Risco,225,301,504,2065.43,2180.68,3778.69,0,0,12,124.0,
3509502,253120,Diretor De Mídia (Publicidade),314,257,267,3997.97,5142.3,5806.06,0,14,12,-15.0,
3509502,721425,Operador De Retificadora Com Comando Numérico,192,211,128,2867.15,3051.15,6935.89,0,0,12,-33.3,
3509502,141610,Gerente De Operações De Correios E Telecomunicações,87,85,78,13121.0,12396.41,13766.95,20,15,12,-10.3,-40.0
3509502,225120,Médico Cardiologista,79,69,66,7261.42,7683.71,9472.56,0,12,12,-16.5,
3509502,214505,Engenheiro Químico,48,50,53,8528.92,10935.01,11875.76,7,7,12,10.4,71.4
3509502,314105,Técnico Em Mecânica De Precisão,49,48,45,6915.4,7361.88,7935.32,0,15,12,-8.2,
3509502,214365,Tecnólogo Em Eletrônica,25,32,44,7536.02,6882.47,6952.27,0,0,12,76.0,
3509502,214110,Arquiteto De Interiores,12,33,43,3366.0,3205.94,9085.91,0,0,12,258.3,
3509502,225109,Médico Nefrologista,39,33,34,10193.21,11789.77,12215.5,8,7,12,-12.8,50.0
3509502,141725,Gerente De Crédito Imobiliário,12,18,17,17103.57,12088.59,14633.72,8,9,12,41.7,50.0
3509502,214705,Engenheiro De Minas,0,14,12,,10400.55,15792.24,0,0,12,,
3509502,312320,Topógrafo,183,237,304,2204.63,2511.9,3094.7,0,0,11,66.1,
3509502,212415,Analista De Sistemas De Automação,143,145,147,5710.77,5889.15,7236.51,0,0,11,2.8,
3509502,261125,Jornalista,189,158,135,5802.06,6146.14,7534.92,12,12,11,-28.6,-8.3
3509502,720115,Mestre De Ferramentaria,31,33,65,11354.0,12090.52,8146.38,9,12,11,109.7,22.2
3509502,141115,Gerente De Produção E Operações Agropecuárias,8,10,14,5476.95,30460.28,27329.82,0,5,11,75.0,
3509502,316305,Técnico De Mineração,12,11,13,10707.24,12172.01,19427.59,0,0,11,8.3,
3509502,131105,Diretor De Serviços Culturais,13,16,13,14961.8,21635.46,31693.33,6,10,11,0.0,83.3
3509502,122725,Diretor De Compliance,14,15,12,19001.89,31534.65,45439.59,13,12,11,-14.3,-15.4
3509502,716610,Pintor De Obras,2434,2239,2953,1746.16,1869.67,2085.53,0,0,10,21.3,
3509502,715115,Operador De Escavadeira,236,191,222,3013.33,3515.12,6515.1,0,0,10,-5.9,
3509502,141505,Gerente De Hotel,120,104,121,4569.78,5382.37,7535.76,0,0,10,0.8,
3509502,252515,Analista De Cobrança (Instituições Financeiras),122,100,83,2230.87,4303.47,14805.56,0,0,10,-32.0,
3509502,351110,Chefe De Contabilidade (Técnico),78,65,81,7116.14,7457.27,7786.2,6,7,10,3.8,66.7
3509502,222205,Engenheiro De Alimentos,48,44,39,10521.2,11253.76,11516.11,17,17,10,-18.8,-41.2
3509502,225310,Médico Em Endoscopia,36,26,24,8274.33,8703.98,10211.66,0,0,10,-33.3,
3509502,203420,Pesquisador Em Ciências Florestais,0,10,10,,15677.77,18421.26,0,10,10,,
3509502,318110,Desenhista Técnico (Cartografia),5,11,10,1667.57,1606.96,18728.01,0,0,10,100.0,
3509502,782310,Motorista De Furgão Ou Veículo Similar,6406,6728,6972,2316.55,2491.62,2773.38,0,0,9,8.8,
3509502,422205,Telefonista,1004,1072,1526,1767.53,1768.9,2073.54,9,9,9,52.0,0.0
3509502,311105,Técnico Químico,954,856,855,4547.52,5012.39,5638.21,0,0,9,-10.4,
3509502,232115,Professor De Disciplinas Pedagógicas No Ensino Médio,516,564,487,4035.87,4500.96,7276.69,10,9,9,-5.6,-10.0
3509502,720215,Mestre (Indústria De Máquinas E Outros Equipamentos Mecânicos),362,281,287,6327.78,7802.72,9145.92,1,4,9,-20.7,800.0
3509502,131115,Gerente De Serviços Culturais,139,80,106,4927.83,6366.93,7640.12,10,10,9,-23.7,-10.0
3509502,252540,Analista De Produtos Bancários,39,35,40,5948.9,3898.66,8579.92,10,0,9,2.6,-10.0
3509502,261110,Assessor De Imprensa,39,31,33,5869.97,7634.54,8251.11,7,7,9,-15.4,28.6
3509502,213150,Físico (Medicina),25,25,24,13416.39,13983.61,16119.16,8,8,9,-4.0,12.5
3509502,225220,Médico Cirurgião Do Aparelho Digestivo,8,8,9,13111.11,14722.66,16467.26,0,8,9,12.5,
3509502,414210,Apontador De Produção,1657,1663,1524,2848.12,3267.61,3818.1,0,0,8,-8.0,
3509502,517110,Bombeiro Civil,857,880,467,2672.29,3793.79,4514.14,0,0,8,-45.5,
3509502,511205,Fiscal De Transportes Coletivos (Exceto Trem),301,311,294,3110.91,3392.37,4328.56,0,0,8,-2.3,
3509502,251225,Economista Do Setor Público,237,269,258,4439.89,4343.15,5811.49,1,0,8,8.9,700.0
3509502,251220,Economista Industrial,91,114,184,7553.43,7389.15,8895.53,1,3,8,102.2,700.0
3509502,860105,Supervisor De Manutenção Eletromecânica (Utilidades),90,113,135,4123.48,4420.02,5708.51,6,6,8,50.0,33.3
3509502,214330,Engenheiro Eletrônico De Projetos,15,33,29,10693.05,8897.31,12404.1,4,7,8,93.3,100.0
3509502,225230,Médico Cirurgião Pediátrico,24,26,27,12150.01,10635.95,12674.77,9,9,8,12.5,-11.1
3509502,225330,Médico Radioterapeuta,19,24,26,13102.03,12517.87,13373.03,8,8,8,36.8,0.0
3509502,214605,Engenheiro De Materiais,28,32,24,9368.72,10667.29,12856.91,0,0,8,-14.3,
3509502,223520,Enfermeiro De Centro Cirúrgico,28,20,16,3334.93,3815.96,20013.41,0,0,8,-42.9,
3509502,710210,Mestre De Linhas (Ferrovias),11,18,11,4182.76,4386.62,17563.89,0,0,8,0.0,
3509502,131205,Diretor De Serviços De Saúde,25,9,10,12232.82,30786.97,27941.38,9,8,8,-60.0,-11.1
3509502,214335,Engenheiro De Manutenção De Telecomunicações,6,9,9,12355.92,12807.09,15402.94,4,4,8,50.0,100.0
3509502,141820,Gerente De Operações De Cargas,0,0,9,,,23706.23,0,0,8,,
3509502,225335,Médico Patologista Clínico / Medicina Laboratorial,8,8,8,15274.78,15322.25,17419.99,4,4,8,0.0,100.0
3509502,313120,Técnico De Manutenção Elétrica,750,877,1024,3480.35,3776.11,5436.92,0,0,7,36.5,
3509502,211110,Especialista Em Pesquisa Operacional,117,154,178,5636.9,5464.32,6332.52,0,1,7,52.1,
3509502,410220,Supervisor De Controle Patrimonial,167,167,173,4384.34,4822.01,5328.3,6,7,7,3.6,16.7
3509502,225133,Médico Psiquiatra,116,131,118,9236.4,9034.33,10330.25,0,0,7,1.7,
3509502,232155,Professor De Matemática No Ensino Médio,102,111,118,5439.51,5570.49,7328.14,0,5,7,15.7,
3509502,860115,"Supervisor De Operação Elétrica (Geração, Transmissão E Distribuição De Energia Elétrica)",241,218,92,6266.48,6728.77,11401.73,1,1,7,-61.8,600.0
3509502,202105,Engenheiro Mecatrônico,12,15,25,8469.11,8296.46,13417.2,0,0,7,108.3,
3509502,214350,Engenheiro De Redes De Comunicação,39,30,23,12201.63,13772.71,13351.89,3,3,7,-41.0,133.3
3509502,225203,Médico Em Cirurgia Vascular,19,17,17,9935.98,10652.54,11961.78,7,7,7,-10.5,0.0
3509502,351415,Escrivão Extra - Judicial,5,6,7,9203.09,14519.63,16571.69,0,6,7,40.0,
3509502,123210,Diretor De Relações De Trabalho,8,9,7,27414.31,37964.83,48690.66,8,9,7,-12.5,-12.5
3509502,421125,Operador De Caixa,19895,19294,19471,1523.06,1671.87,2109.82,0,0,6,-2.1,
3509502,717020,Servente De Obras,6517,7033,8051,1656.14,1739.57,2200.99,0,0,6,23.5,
3509502,391210,Técnico De Garantia Da Qualidade,1533,1512,1919,4575.39,4862.79,5337.64,2,4,6,25.2,200.0
3509502,317205,Operador De Computador,1102,1019,1015,3178.3,2454.68,2708.3,0,0,6,-7.9,
3509502,991315,Pintor De Veículos (Reparação),632,747,678,2233.64,2509.27,3162.64,0,0,6,7.3,
3509502,910105,Encarregado De Manutenção Mecânica De Sistemas Operacionais,482,555,568,4599.18,4729.5,5276.41,0,0,6,17.8,
3509502,314405,Técnico De Manutenção De Sistemas E Instrumentos,539,253,235,3115.74,3771.14,4043.49,0,0,6,-56.4,
3509502,252310,Secretário  Bilíngüe,140,213,229,5529.75,8737.96,8470.38,1,2,6,63.6,500.0
3509502,410215,Supervisor De Contas A Pagar,222,219,228,4800.79,5084.28,5631.0,2,5,6,2.7,200.0
3509502,261205,Bibliotecário,229,203,212,7774.16,8036.19,10776.7,2,2,6,-7.4,200.0
3509502,721220,Operador De Usinagem Convencional Por Abrasão,182,150,137,4109.22,4921.45,5501.08,0,0,6,-24.7,
3509502,524305,Vendedor Ambulante,235,160,131,2637.99,2997.6,3003.97,0,9,6,-44.3,
3509502,261530,Redator De Textos Técnicos,34,28,59,4972.13,5371.87,5461.49,0,0,6,73.5,
3509502,515120,Visitador Sanitário,42,42,46,8521.11,8462.42,10122.58,0,0,6,9.5,
3509502,731125,Montador De Equipamentos Elétricos (Centrais Elétricas),21,23,39,2753.31,2863.5,4420.38,0,0,6,85.7,
3509502,821435,Operador De Jato Abrasivo,54,54,27,2550.08,2865.73,7525.28,0,0,6,-50.0,
3509502,241015,Advogado (Direito Civil),24,25,19,8254.32,8796.89,10320.62,6,0,6,-20.8,0.0
3509502,203205,Pesquisador De Engenharia Civil,21,18,17,10048.61,10650.54,12162.71,5,4,6,-19.0,20.0
3509502,810105,Mestre (Indústria Petroquímica E Carboquímica),14,9,9,10358.74,14821.31,15863.16,8,6,6,-35.7,-25.0
3509502,233125,Professor De Técnicas De Enfermagem,16,16,8,3085.11,3282.75,57413.65,0,0,6,-50.0,
3509502,141815,Gerente De Operações Em Aeroportos,0,2,6,,9950.0,17178.54,0,0,6,,
3509502,411005,Auxiliar De Escritório,36911,38062,37637,1693.59,1835.76,2150.53,0,0,5,2.0,
3509502,724440,Serralheiro,1729,1910,1890,2322.58,2546.07,2789.83,0,0,5,9.3,
3509502,422305,Operador De Telemarketing Ativo,2413,2251,1560,1475.38,1608.57,1800.31,0,0,5,-35.4,
3509502,774105,Montador De Móveis E Artefatos De Madeira,983,1364,1171,2142.32,2250.08,2517.0,0,0,5,19.1,
3509502,251215,Economista Financeiro,927,1137,1146,4944.67,5436.21,6000.53,16,8,5,23.6,-68.8
3509502,732105,"Eletricista De Manutenção De Linhas Elétricas, Telefônicas E De Comunicação De Dados",1123,1116,703,3327.14,3763.16,4674.53,6,6,5,-37.4,-16.7
3509502,914105,"Mecânico De Manutenção De Aeronaves, Em Geral",105,130,329,6011.39,5921.18,8122.2,3,1,5,213.3,66.7
3509502,342310,Inspetor De Serviços De Transportes Rodoviários (Passageiros E Cargas),202,208,266,3673.22,3971.09,4076.8,5,5,5,31.7,0.0
3509502,391145,Analista De Planejamento De Manutenção,7,27,164,3767.04,3647.55,3641.3,0,0,5,2242.9,
3509502,391105,Cronoanalista,191,153,158,5469.73,6156.52,6294.36,2,3,5,-17.3,150.0
3509502,420110,Supervisor De Cobrança,109,110,103,3940.97,4339.51,7968.95,0,1,5,-5.5,
3509502,251540,Psicólogo Do Trabalho,69,76,76,5422.8,6427.6,6815.34,0,5,5,10.1,
3509502,252720,Analista De Projetos Logisticos,19,15,40,6997.14,8825.0,6100.8,0,0,5,110.5,
3509502,225235,Médico Cirurgião Plástico,35,27,25,6980.52,7430.87,7952.08,5,5,5,-28.6,0.0
3509502,263105,Ministro De Culto Religioso,28,22,23,4103.94,4707.66,7273.21,1,1,5,-17.9,400.0
3509502,241335,Tabelião De Notas,4,2,5,12058.03,18906.46,16017.19,0,2,5,25.0,
3509502,122720,Diretor De Câmbio E Comércio Exterior,6,6,5,28045.28,28081.23,32909.0,5,5,5,-16.7,0.0
3509502,261605,Editor De Jornal,5,5,5,12831.36,12818.45,14723.72,0,0,5,0.0,
3509502,414110,Armazenista,3416,3632,4035,1859.43,2083.99,2407.7,0,4,4,18.1,
3509502,517420,Vigia,1995,2150,2241,2116.51,2316.51,3125.29,0,0,4,12.3,
3509502,783205,Carregador (Aeronaves),1215,1516,1782,1847.89,2060.88,2373.79,0,0,4,46.7,
3509502,771105,Marceneiro,1305,1379,1333,2186.44,2325.25,2525.49,5,5,4,2.1,-20.0
3509502,342315,Supervisor De Carga E Descarga,601,659,673,3728.28,4044.31,8480.72,0,0,4,12.0,
3509502,782515,Motorista Operacional De Guincho,717,810,671,3372.99,3735.77,4362.91,0,0,4,-6.4,
3509502,203105,Pesquisador Em Ciências Da Computação E Informática,186,238,303,9692.57,9622.56,10455.53,0,4,4,62.9,
3509502,224125,Técnico De Desporto Individual E Coletivo (Exceto Futebol),274,230,296,3816.9,4495.84,5327.75,0,0,4,8.0,
3509502,352205,Agente De Defesa Ambiental,164,237,221,3949.24,3273.47,3655.45,0,0,4,34.8,
3509502,510105,Supervisor De Transportes,137,213,185,3989.41,4382.83,5717.71,0,0,4,35.0,
3509502,810205,Mestre (Indústria De Borracha E Plástico),97,93,146,5786.86,7449.46,6056.1,0,0,4,50.5,
3509502,214270,Engenheiro Civil (Transportes E Trânsito),106,101,102,7683.96,7060.82,8780.62,0,3,4,-3.8,
3509502,232140,Professor De História No Ensino Médio,52,58,73,4681.74,3861.71,4049.05,0,0,4,40.4,
3509502,261615,Editor De Mídia Eletrônica,55,56,72,2578.68,2777.36,2626.44,4,3,4,30.9,0.0
3509502,225285,Médico Urologista,60,59,64,6480.61,6282.95,6789.68,6,5,4,6.7,-33.3
3509502,414115,Balanceiro,128,64,61,1609.05,2314.14,3313.33,0,0,4,-52.3,
3509502,710120,Supervisor De Produção Na Mineração,37,44,54,5918.46,5455.22,7877.86,0,4,4,45.9,
3509502,214370,Tecnólogo Em Telecomunicações,53,39,30,4697.21,5468.71,7133.41,6,3,4,-43.4,-33.3
3509502,202120,Tecnólogo Em Automação Industrial,17,36,22,5874.72,5369.8,8351.01,0,0,4,29.4,
3509502,262105,Produtor Cultural,26,27,20,8295.61,7414.8,10772.26,0,0,4,-23.1,
3509502,114210,Dirigente De Entidade Patronal,1,10,14,15111.3,2504.33,126778.91,1,0,4,1300.0,300.0
3509502,262220,Diretor Teatral,16,10,11,19364.56,17067.83,16677.09,9,3,4,-31.3,-55.6
3509502,142345,Profissional De Relações Institucionais E Governamentais,5,3,8,4782.63,7001.08,11413.73,0,0,4,60.0,
3509502,141825,Gerente De Segurança Da Aviação Civil,0,0,4,,,16693.6,0,0,4,,
3509502,271110,Tecnólogo Em Gastronomia,31,5,4,3266.0,2224.69,32695.25,0,0,4,-87.1,
3509502,141510,Gerente De Restaurante,4820,4055,4453,2699.5,2973.47,5116.82,1,1,3,-7.6,200.0
3509502,782305,Motorista De Carro De Passeio,3986,3883,3741,2563.7,2262.14,2749.04,105,0,3,-6.1,-97.1
3509502,514310,Auxiliar De Manutenção Predial,2006,2122,2448,1815.02,1976.47,2490.9,0,0,3,22.0,
3509502,251605,Assistente Social,1080,1096,1111,5042.85,5161.13,6150.34,2,2,3,2.9,50.0
3509502,412205,Contínuo,683,639,527,1527.66,1601.06,2163.43,0,0,3,-22.8,
3509502,862205,"Operador De Estação De Captação, Tratamento E Distribuição De Água",43,14,474,1792.67,1698.99,5790.79,0,0,3,1002.3,
3509502,142125,Analista De Compliance,0,15,389,,5905.17,4890.33,0,1,3,,
3509502,317115,Programador De Máquinas - Ferramenta Com Comando Numérico,275,312,276,4418.79,4414.83,5093.29,0,0,3,0.4,
3509502,313415,"Encarregado De Manutenção De Instrumentos De Controle, Medição E Similares",289,294,214,3488.09,3987.14,4286.57,0,0,3,-26.0,
3509502,322215,Técnico De Enfermagem Do Trabalho,158,201,185,2728.12,2930.14,4568.03,0,0,3,17.1,
3509502,414205,Apontador De Mão-De-Obra,148,153,143,2571.0,2673.51,3765.29,0,0,3,-3.4,
3509502,915105,Técnico Em Manutenção De Instrumentos De Medição E Precisão,149,151,134,2711.32,2790.0,3370.42,0,3,3,-10.1,
3509502,351705,Analista De Seguros (Técnico),123,135,133,2708.3,2650.21,3614.35,0,0,3,8.1,
3509502,214215,Engenheiro Civil (Edificações),49,46,44,4704.63,5857.69,9384.12,0,0,3,-10.2,
3509502,225210,Médico Cirurgião Cardiovascular,35,31,33,7910.66,7605.77,8626.11,3,3,3,-5.7,0.0
3509502,225165,Médico Gastroenterologista,26,23,19,8022.84,7990.83,9547.89,3,3,3,-26.9,0.0
3509502,513105,Mordomo De Residência,18,14,19,4633.94,6113.77,5429.96,0,3,3,5.6,
3509502,203220,Pesquisador De Engenharia Mecânica,11,38,15,8534.96,4197.79,8291.19,0,1,3,36.4,
3509502,203415,Pesquisador Em Ciências Da Zootecnia,4,13,14,9188.55,10730.83,16455.04,2,3,3,250.0,50.0
3509502,262330,Diretor De Arte,24,22,13,3386.28,3227.12,12229.82,0,0,3,-45.8,
3509502,122705,Diretor Comercial Em Operações De Intermediação Financeira,12,10,10,13135.01,13276.19,16283.69,5,3,3,-16.7,-40.0
3509502,141735,Gerente De Recuperação De Crédito,3,4,9,12700.73,14459.98,14766.79,1,2,3,200.0,200.0
3509502,141110,Gerente De Produção E Operações  Florestais,6,7,9,20129.99,12686.28,9916.64,4,3,3,50.0,-25.0
3509502,261115,Diretor De Redação,23,10,8,8500.42,16427.22,20201.28,4,4,3,-65.2,-25.0
3509502,423110,Despachante De Trânsito,4,6,6,9208.63,7178.86,8063.41,0,0,3,50.0,
3509502,214375,Engenheiro De Energia,0,0,3,,,16177.96,0,0,3,,
3509502,122110,Diretor De Produção E Operações Em Empresa Aqüícola,3,3,3,77049.83,41640.61,47950.71,3,3,3,0.0,0.0
3509502,122750,Diretor De Recuperação De Créditos Em Operações De Intermediação Financeira,2,2,3,14496.95,31249.84,37715.05,2,2,3,50.0,50.0
3509502,225340,Médico Hemoterapeuta,4,4,3,21488.76,24247.79,25794.36,4,4,3,-25.0,-25.0
3509502,122105,Diretor De Produção E Operações Em Empresa Agropecuária,5,13,3,32794.31,36549.08,41793.37,5,13,3,-40.0,-40.0
3509502,414105,Almoxarife,11367,11323,11018,2114.52,2268.28,2844.07,0,0,2,-3.1,
3509502,715210,Pedreiro,3392,3779,4207,2073.37,2180.22,2635.25,0,0,2,24.0,
3509502,317210,Técnico De Suporte Ao Usuário De Tecnologia Da Informação,1125,1384,1867,2605.0,2546.6,3421.97,0,0,2,66.0,
3509502,314410,Técnico Em Manutenção De Máquinas,1126,1335,1697,2890.58,3014.97,3624.21,0,1,2,50.7,
3509502,313205,Técnico De Manutenção Eletrônica,1132,1073,919,3530.32,3871.39,4637.58,0,0,2,-18.8,
3509502,840105,Supervisor De Produção Da Indústria Alimentícia,310,427,456,3321.27,3665.18,3829.18,0,0,2,47.1,
3509502,391135,Técnico De Matéria-Prima E Material,221,260,277,4233.78,4561.79,5393.72,0,0,2,25.3,
3509502,715230,Pedreiro De Edificações,292,284,260,1937.31,2012.07,2918.25,0,0,2,-11.0,
3509502,253125,Diretor De Arte (Publicidade),178,200,226,3980.29,3869.82,4247.92,4,4,2,27.0,-50.0
3509502,415210,Operador De Triagem E Transbordo,205,195,223,2759.54,3016.28,5663.9,0,0,2,8.8,
3509502,351315,Agente De Recrutamento E Seleção,84,137,163,2346.45,2921.16,4110.09,0,0,2,94.0,
3509502,731320,Instalador-Reparador De Linhas E Aparelhos De Telecomunicações,245,119,160,1992.65,2519.99,2929.04,0,2,2,-34.7,
3509502,318705,Desenhista Projetista De Eletricidade,99,203,147,3896.96,3145.45,3494.65,0,0,2,48.5,
3509502,782115,Operador De Guindaste Móvel,128,141,119,3202.35,3388.9,5563.94,0,0,2,-7.0,
3509502,412120,Supervisor De Digitação E Operação,45,98,87,4094.25,5606.43,7048.37,0,0,2,93.3,
3509502,373220,Supervisor Técnico Operacional De Sistemas De Televisão E Produtoras De Vídeo,71,55,81,6916.89,6973.16,7559.55,2,2,2,14.1,0.0
3509502,225135,Médico Dermatologista,87,81,77,6475.92,5897.16,6867.18,2,2,2,-11.5,0.0
3509502,780105,Supervisor De Embalagem E Etiquetagem,96,80,74,3367.09,4292.28,4962.75,0,2,2,-22.9,
3509502,354705,Representante Comercial Autônomo,73,74,71,3294.4,5459.08,6292.05,0,12,2,-2.7,
3509502,214005,Engenheiro Ambiental,59,61,63,10677.07,8118.65,8620.59,11,2,2,6.8,-81.8
3509502,715130,Operador De Motoniveladora,31,34,36,2785.21,2862.27,5360.66,0,0,2,16.1,
3509502,254405,Fiscal De Tributos Estadual,24,34,33,4317.14,4390.78,12030.34,0,0,2,37.5,
3509502,322120,Massoterapeuta,72,61,29,1395.65,1775.42,3644.12,0,0,2,-59.7,
3509502,213405,Geólogo,40,34,25,6284.05,6236.63,10391.13,4,0,2,-37.5,-50.0
3509502,342545,Supervisor De Empresa Aérea Em Aeroportos,9,20,24,9992.04,7902.67,10376.78,0,0,2,166.7,
3509502,142120,Tecnólogo Em Gestão Administrativo- Financeira,24,19,23,3967.44,4436.47,6292.39,0,0,2,-4.2,
3509502,860110,"Supervisor De Operação De Fluidos (Distribuição, Captação, Tratamento De Água, Gases, Vapor)",6,15,10,13005.75,9176.71,9739.26,2,2,2,66.7,0.0
3509502,203110,Pesquisador Em Ciências Da Terra E Meio Ambiente,6,6,10,11323.83,11463.59,9684.38,0,0,2,66.7,
3509502,214935,Tecnólogo Em Segurança Do Trabalho,16,41,10,4307.29,3829.54,7995.56,0,0,2,-37.5,
3509502,354605,Corretor De Imóveis,18,36,9,7308.62,5929.85,49477.38,2,2,2,-50.0,0.0
3509502,214115,Arquiteto De Patrimônio,9,12,9,8550.16,8250.95,8876.47,0,2,2,0.0,
3509502,313405,Técnico Em Calibração,10,9,8,4684.24,4991.51,7740.3,0,0,2,-20.0,
3509502,252505,Administrador De Fundos E Carteiras De Investimento,5,12,7,6128.29,6460.99,8893.01,1,1,2,40.0,100.0
3509502,225315,Médico Em Medicina Nuclear,6,6,6,8800.12,9509.51,11533.61,0,0,2,0.0,
3509502,225240,Médico Cirurgião Torácico,1,4,4,15704.96,10805.12,12446.23,1,2,2,300.0,100.0
3509502,342560,Operador De Rampa ( Transporte Aéreo),0,0,4,,,30977.11,0,0,2,,
3509502,211105,Atuário,15,2,2,5162.11,11985.91,15769.78,0,0,2,-86.7,
3509502,203515,Pesquisador Em Ciências Da Educação,17,2,2,4954.59,12948.63,15781.35,0,0,2,-88.2,
3509502,141830,Gerente De Segurança Operacional (Aviação Civil),0,0,2,,,25244.42,0,0,2,,
3509502,223525,Enfermeiro De Terapia Intensiva,0,2,2,,9067.62,125825.42,0,0,2,,
3509502,241235,Procurador Fundacional,2,2,2,10569.76,10778.83,15919.23,0,0,2,0.0,
3509502,223405,Farmacêutico,4188,4212,4110,4376.89,4487.47,8433.96,2,1,1,-1.9,-50.0
3509502,715615,Eletricista De Instalações,2004,1505,1809,2553.21,2914.96,3637.55,1,0,1,-9.7,0.0
3509502,411045,Auxiliar De Serviços De Importação E Exportação,1186,1135,1213,2328.89,2441.39,3247.27,0,0,1,2.3,
3509502,725010,Ajustador Mecânico,1002,1140,980,2078.35,2232.02,2244.76,0,0,1,-2.2,
3509502,313115,"Eletrotécnico Na Fabricação, Montagem E Instalação De Máquinas E Equipamentos",543,613,602,3984.84,4160.71,4641.23,0,0,1,10.9,
3509502,351430,Auxiliar De Serviços Jurídicos,345,438,599,2035.07,2318.77,3001.75,0,0,1,73.6,
3509502,351505,Técnico Em Secretariado,416,441,445,2635.44,2711.62,3009.12,1,1,1,7.0,0.0
3509502,821405,Encarregado De Acabamento De Chapas E Metais  (Têmpera),214,221,393,3256.35,3650.37,3438.6,0,0,1,83.6,
3509502,342110,Operador De Transporte Multimodal,331,472,338,2870.78,2661.03,3673.86,0,0,1,2.1,
3509502,313305,Técnico De Comunicação De Dados,294,266,232,3606.87,3742.49,4330.75,3,3,1,-21.1,-66.7
3509502,239220,Professor De Alunos Com Deficiência Múltipla,171,205,212,7798.97,6827.34,8617.74,2,1,1,24.0,-50.0
3509502,352210,Agente De Saúde Pública,188,189,205,4839.17,4944.84,5657.12,0,0,1,9.0,
3509502,131120,Gerente De Serviços Sociais,121,125,153,5564.84,6156.01,8427.04,1,1,1,26.4,0.0
3509502,516215,Mãe Social,222,190,132,2184.5,2349.59,2605.47,0,0,1,-40.5,
3509502,141405,Comerciante Atacadista,112,122,111,3209.76,3970.32,3386.23,0,0,1,-0.9,
3509502,317105,Desenvolvedor Web (Técnico),97,106,79,2833.16,2844.7,3869.49,0,0,1,-18.6,
3509502,371110,Técnico Em Biblioteconomia,67,67,73,4657.57,4640.34,6054.78,0,0,1,9.0,
3509502,261305,Arquivista,108,59,66,3663.38,5052.91,5410.23,0,1,1,-38.9,
3509502,510110,Administrador De Edifícios,39,39,55,3654.33,3770.18,4176.36,0,0,1,41.0,
3509502,213215,Tecnólogo Em Processos Químicos,47,51,45,3886.42,5262.07,6851.81,0,1,1,-4.3,
3509502,910115,"Supervisor De Manutenção De Bombas, Motores, Compressores E Equipamentos De Transmissão",30,35,44,6011.86,5473.6,5223.91,3,2,1,46.7,-66.7
3509502,342530,Inspetor De Aviação Civil,6,6,41,9626.71,9335.08,4850.55,0,0,1,583.3,
3509502,131215,Tecnólogo Em Gestão Hospitalar,9,24,33,4097.74,2596.65,4266.45,0,1,1,266.7,
3509502,142340,Ouvidor,9,17,32,5513.12,3529.0,3652.27,1,0,1,255.6,0.0
3509502,111220,Secretário - Executivo,2,1,32,3996.49,6292.87,2510.3,0,0,1,1500.0,
3509502,913115,Mecânico De Manutenção De Máquinas Agrícolas,10,40,28,2442.63,1969.5,2825.03,0,0,1,180.0,
3509502,254310,Agente De Higiene E Segurança,21,31,27,2204.12,1874.07,1988.77,0,0,1,28.6,
3509502,252510,Analista De Câmbio,27,27,26,3958.91,3400.11,6272.01,0,0,1,-3.7,
3509502,620110,Supervisor De Exploração Agropecuária,31,18,25,5778.37,4630.37,7630.29,1,1,1,-19.4,0.0
3509502,253205,Gerente De Captação (Fundos E Investimentos Institucionais),29,33,23,10418.0,7324.99,7492.78,5,2,1,-20.7,-80.0
3509502,630110,Supervisor Da Área Florestal,1,7,22,2188.77,3094.26,2432.99,0,0,1,2100.0,
3509502,813120,"Operador De Processo (Química, Petroquímica E Afins)",22,11,21,2263.48,3023.67,3021.75,1,1,1,-4.5,0.0
3509502,225127,Médico Pneumologista,22,20,19,7772.4,7939.47,9124.98,1,1,1,-13.6,0.0
3509502,412105,Datilógrafo,45,18,18,2437.24,2724.06,2661.64,0,1,1,-60.0,
3509502,821105,Operador De Centro De Controle ( Sinterização),21,25,17,2287.68,2226.23,4171.92,0,0,1,-19.0,
3509502,211210,Estatístico (Estatística Aplicada),12,12,14,11246.55,13549.59,12782.73,1,8,1,16.7,0.0
3509502,201110,Biotecnologista,14,13,13,8060.25,8696.93,11029.31,0,0,1,-7.1,
3509502,262615,Músico Regente,9,10,11,7362.15,7072.79,7183.81,1,1,1,22.2,0.0
3509502,411035,Auxiliar De Estatística,16,19,11,2453.96,2479.65,2796.16,0,0,1,-31.3,
3509502,214345,Engenheiro Projetista De Telecomunicações,4,8,8,9392.08,6032.77,6462.88,1,1,1,100.0,0.0
3509502,214010,Tecnólogo Em Meio Ambiente,16,8,8,4860.01,4763.75,24282.76,0,0,1,-50.0,
3509502,214120,Arquiteto Paisagista,18,13,5,2438.98,2701.46,10962.91,0,0,1,-72.2,
3509502,111410,Dirigente Do Serviço Público Estadual E Distrital,2,4,5,14562.03,15070.4,14190.93,1,1,1,150.0,0.0
3509502,214360,Tecnólogo Em Eletricidade,2,3,4,7850.66,6958.2,7046.63,1,1,1,100.0,0.0
3509502,203120,Pesquisador Em Matemática,4,4,4,13164.17,12322.56,14538.03,1,1,1,0.0,0.0
3509502,114305,Dirigente E Administrador De Organização Religiosa,3,4,3,7919.51,8759.47,11402.43,0,0,1,0.0,
3509502,241030,Advogado (Áreas Especiais),0,0,3,,,9129.55,0,0,1,,
3509502,262230,Diretor De Produção,5,5,2,29846.52,32488.53,11702.72,3,3,1,-60.0,-66.7
3509502,214805,Engenheiro Agrimensor,1,1,2,5224.79,5492.6,10890.92,0,0,1,100.0,
3509502,211115,Matemático,1,1,2,23349.23,24537.52,17896.9,1,1,1,100.0,0.0
3509502,114405,Dirigente E Administrador De Organização Da Sociedade Civil Sem Fins Lucrativos,13,11,2,5214.19,6075.99,35155.58,0,0,1,-84.6,
3509502,223212,Cirurgião Dentista - Endodontista,2,2,2,12714.68,13091.22,14521.43,1,1,1,0.0,0.0
3509502,214520,Engenheiro Químico (Papel E Celulose),1,1,1,26561.08,32068.41,31892.57,1,1,1,0.0,0.0
3509502,241315,Oficial Do Registro Civil De Pessoas Naturais,0,1,1,,31318.64,38788.8,0,1,1,,
3509502,214945,Engenheiro De Logistica,0,3,1,,3086.03,17376.39,0,0,1,,
3509502,262225,Diretor De Programação,1,1,1,30901.78,35051.52,36410.82,1,1,1,0.0,0.0
3509502,214230,Engenheiro Civil (Geotécnia),2,2,1,9367.64,10412.3,16361.58,0,0,1,-50.0,
3509502,203510,Pesquisador Em Economia,1,1,1,12232.78,12232.78,14129.18,0,0,1,0.0,
3509502,214130,Urbanista,1,3,1,4127.77,11889.07,18709.51,0,1,1,0.0,
3509502,122520,Turismólogo,2,1,1,11091.27,17777.49,19663.68,1,1,1,-50.0,0.0
3509502,241215,Procurador Da Fazenda Nacional,0,0,1,,,36707.66,0,0,1,,
3509502,261620,Editor De Revista,1,1,1,13837.84,13837.84,16221.42,0,0,1,0.0,
3509502,261710,Comentarista De Mídias Audiovisuais,1,1,1,23169.62,25690.44,27879.78,1,1,1,0.0,0.0
3525904,142320,Gerente De Vendas,1853,1730,1873,11620.22,12515.69,17753.54,735,732,1151,1.1,56.6
3525904,225125,Médico Clínico,916,942,1005,12477.73,13067.66,13771.42,5,641,677,9.7,13440.0
3525904,142105,Gerente Administrativo,2649,2620,2822,6646.31,7291.56,11136.14,271,284,653,6.5,141.0
3525904,141205,Gerente De Produção E Operações,753,1000,1148,14055.3,13273.31,17035.22,467,507,556,52.5,19.1
3525904,410105,Supervisor Administrativo,4105,4832,4954,4492.6,4871.3,6950.2,99,105,541,20.7,446.5
3525904,142305,Gerente Comercial,1425,1575,1547,7534.29,8709.93,10904.44,269,331,475,8.6,76.6
3525904,413225,Escriturário De Banco,452,425,387,9263.06,9963.22,33260.92,0,0,378,-14.4,
3525904,520110,Supervisor De Vendas Comercial,2472,2554,2647,6527.57,7204.12,9121.44,104,94,349,7.1,235.6
3525904,141615,Gerente De Logística (Armazenagem E Distribuição),724,850,944,9417.71,9806.02,13442.11,121,267,310,30.4,156.2
3525904,142605,Gerente De Pesquisa E Desenvolvimento (P&D),257,289,363,16988.82,16279.68,26023.56,152,146,268,41.2,76.3
3525904,253215,Gerente De Contas - Pessoa Física E Jurídica,378,445,491,7557.62,7473.45,15342.6,34,33,264,29.9,676.5
3525904,121010,Diretor Geral De Empresa E Organizações (Exceto De Interesse Público),415,290,331,18880.38,29220.65,142258.72,156,161,256,-20.2,64.1
3525904,123305,Diretor Comercial,264,267,255,24124.74,29171.61,42666.99,196,224,215,-3.4,9.7
3525904,141415,Gerente De Loja E Supermercado,1488,1566,1665,3951.95,4131.5,7958.97,4,1,201,11.9,4925.0
3525904,314410,Técnico Em Manutenção De Máquinas,1020,1293,1451,6391.85,6067.29,6856.39,10,170,196,42.3,1860.0
3525904,142115,Gerente Financeiro,473,504,477,10705.87,11171.45,14680.31,166,139,191,0.8,15.1
3525904,252105,Administrador,2440,3043,2853,5428.43,5283.55,7835.53,40,48,173,16.9,332.5
3525904,142315,Gerente De Marketing,460,424,463,10357.45,10272.59,11993.88,55,70,173,0.7,214.5
3525904,317110,Desenvolvedor De Sistemas De Tecnologia Da Informação (Técnico),481,541,697,5382.1,5533.91,8248.45,0,0,171,44.9,
3525904,214905,Engenheiro De Produção,586,534,609,9004.52,9741.36,15333.66,14,11,168,3.9,1100.0
3525904,203210,Pesquisador De Engenharia E Tecnologia (Outras Áreas Da Engenharia),468,506,640,12860.98,13791.63,14201.02,58,59,166,36.8,186.2
3525904,214205,Engenheiro Civil,335,390,405,11474.61,11062.72,15079.56,119,96,164,20.9,37.8
3525904,142330,Analista De Negócios,1362,1725,2070,7800.63,7573.28,9323.36,8,2,158,52.0,1875.0
3525904,252210,Contador,1609,1904,2011,6268.32,6313.74,8110.84,26,18,153,25.0,488.5
3525904,142205,Gerente De Recursos Humanos,454,481,505,9468.46,10233.51,15677.62,66,93,153,11.2,131.8
3525904,239405,Coordenador Pedagógico,280,286,342,5282.54,5124.88,11399.57,0,0,153,22.1,
3525904,142705,Gerente De Projetos E Serviços De Manutenção,400,386,428,8451.85,10198.67,13716.49,40,89,147,7.0,267.5
3525904,212420,Analista De Suporte Computacional,1055,1251,1165,4193.38,4709.43,7436.33,6,31,142,10.4,2266.7
3525904,141410,Comerciante Varejista,377,313,338,2723.12,3188.43,11355.92,0,0,142,-10.3,
3525904,212405,Analista De Desenvolvimento De Sistemas,1162,1253,1631,6821.06,7125.96,8936.64,2,73,127,40.4,6250.0
3525904,142510,Gerente De Desenvolvimento De Sistemas,123,128,158,13975.91,15325.68,22459.86,72,89,121,28.5,68.1
3525904,123105,Diretor Administrativo,130,120,151,25761.42,34571.54,49391.33,92,109,110,16.2,19.6
3525904,354135,Técnico De Vendas,416,631,814,5810.58,5095.01,7441.14,43,12,106,95.7,146.5
3525904,142405,Gerente De Compras,200,196,207,10336.1,12190.43,20607.09,62,96,105,3.5,69.4
3525904,141605,Gerente De Operações De Transportes,389,504,380,6748.86,10991.75,17855.21,9,26,100,-2.3,1011.1
3525904,214305,Engenheiro Eletricista,177,199,184,15737.56,17168.61,19969.84,108,106,99,4.0,-8.3
3525904,131305,Diretor De Instituição Educacional Da Área Privada,100,111,111,6211.56,6693.0,26964.11,3,12,98,11.0,3166.7
3525904,131310,Diretor De Instituição Educacional Pública,108,105,101,14218.75,15316.01,15730.37,105,102,98,-6.5,-6.7
3525904,410240,Supervisor De Logística,551,823,1507,5584.16,5630.06,8670.48,0,1,96,173.5,
3525904,313120,Técnico De Manutenção Elétrica,216,222,320,4149.53,4567.03,8088.31,2,2,91,48.1,4450.0
3525904,142520,Gerente De Projetos De Tecnologia Da Informação,66,106,142,15081.68,16751.03,15688.5,45,87,87,115.2,93.3
3525904,142335,Analista De Pesquisa De Mercado,817,1055,1404,4378.97,4752.04,9483.81,0,0,86,71.8,
3525904,142515,Gerente De Operação De Tecnologia Da Informação,96,116,117,15539.3,17065.11,18338.28,71,95,86,21.9,21.1
3525904,354205,Comprador,1322,1453,1593,4636.31,4765.82,5985.93,1,3,83,20.5,8200.0
3525904,141420,Gerente De Operações De Serviços De Assistência Técnica,189,284,336,7224.38,7846.57,11288.92,5,13,81,77.8,1520.0
3525904,203230,Pesquisador De Engenharia Química,48,114,105,9951.7,16719.53,20132.57,0,78,78,118.8,
3525904,224125,Técnico De Desporto Individual E Coletivo (Exceto Futebol),192,197,224,7958.27,8529.57,8096.33,82,81,77,16.7,-6.1
3525904,223208,Cirurgião Dentista - Clínico Geral,138,262,210,7076.88,9181.34,12085.96,0,0,77,52.2,
3525904,141710,Gerente De Agência,70,88,76,12270.0,11672.5,26197.43,26,0,76,8.6,192.3
3525904,411010,Assistente Administrativo,15830,18177,19355,2570.32,2567.9,3168.69,0,0,71,22.3,
3525904,521105,Vendedor Em Comércio Atacadista,2536,2644,2724,3740.61,4133.04,4948.51,0,4,64,7.4,
3525904,391205,Inspetor De Qualidade,2344,2601,2625,4009.83,4221.41,5319.67,1,2,59,12.0,5800.0
3525904,123110,Diretor Administrativo E Financeiro,82,91,74,23413.04,25693.75,36515.37,44,40,56,-9.8,27.3
3525904,214915,Engenheiro De Segurança Do Trabalho,101,115,139,9052.27,9795.4,16937.38,11,20,55,37.6,400.0
3525904,142410,Gerente De Suprimentos,137,184,180,11265.11,9294.15,10940.65,34,39,53,31.4,55.9
3525904,252715,Analista De Logistica,361,661,672,3933.81,3996.55,6112.85,0,0,52,86.1,
3525904,314110,Técnico Mecânico,504,460,435,4108.33,4824.2,6111.79,0,0,52,-13.7,
3525904,312105,Técnico De Obras Civis,378,350,393,4588.5,5592.05,7012.53,0,0,52,4.0,
3525904,313115,"Eletrotécnico Na Fabricação, Montagem E Instalação De Máquinas E Equipamentos",210,210,246,5873.09,6589.06,7329.07,11,34,51,17.1,363.6
3525904,214310,Engenheiro Eletrônico,63,67,80,13777.05,14422.25,15734.58,37,41,48,27.0,29.7
3525904,354130,Promotor De Vendas Especializado,3296,430,444,1984.0,3871.68,7815.25,7,3,47,-86.5,571.4
3525904,710205,Mestre (Construção Civil),492,639,621,3918.6,4397.19,6212.73,6,6,45,26.2,650.0
3525904,111510,Analista De Planejamento E Orçamento - Apo,142,75,781,9166.25,13199.53,5699.8,46,44,44,450.0,-4.3
3525904,214910,Engenheiro De Controle De Qualidade,242,271,303,9358.85,9195.3,10809.7,9,26,44,25.2,388.9
3525904,123115,Diretor Financeiro,40,54,48,28885.57,34203.46,99330.7,35,52,44,20.0,25.7
3525904,351605,Técnico Em Segurança Do Trabalho,995,1171,1243,4728.87,4772.76,5879.1,6,12,43,24.9,616.7
3525904,142530,Gerente De Suporte Técnico De Tecnologia Da Informação,120,127,135,8611.45,9475.44,15200.88,24,30,41,12.5,70.8
3525904,141305,Gerente De Produção E Operações Da Construção Civil E Obras Públicas,83,89,132,5304.67,8480.04,13904.4,0,17,41,59.0,
3525904,225140,Médico Do Trabalho,71,87,87,9979.7,10971.94,12128.0,14,36,40,22.5,185.7
3525904,254410,Fiscal De Tributos Municipal,43,41,41,13299.96,14257.03,22666.91,0,41,40,-4.7,
3525904,354305,Analista De Exportação E Importação,365,385,399,5513.23,5507.5,7098.96,2,0,38,9.3,1800.0
3525904,241225,Procurador Do Município,38,37,38,19794.32,20250.66,31242.17,38,37,38,0.0,0.0
3525904,123205,Diretor De Recursos Humanos,25,34,39,33824.61,34363.28,50269.91,25,34,37,56.0,48.0
3525904,324115,Técnico Em Radiologia E Imagenologia,1547,1562,1414,3322.67,3434.07,4433.41,0,0,35,-8.6,
3525904,252405,Analista De Recursos Humanos,1540,1818,2015,4194.56,4201.25,5490.89,0,0,34,30.8,
3525904,131210,Gerente De Serviços De Saúde,173,224,288,9163.1,8341.42,10681.36,42,9,34,66.5,-19.0
3525904,252545,Analista Financeiro (Instituições Financeiras),561,651,877,4095.33,4524.36,5378.44,6,10,32,56.3,433.3
3525904,123310,Diretor De Marketing,23,24,47,13758.07,21679.16,38328.71,9,10,32,104.3,255.6
3525904,212305,Administrador De Banco De Dados,11,38,44,11977.9,11989.13,12620.24,6,5,30,300.0,400.0
3525904,910105,Encarregado De Manutenção Mecânica De Sistemas Operacionais,206,314,357,5796.15,6118.64,7170.53,19,9,28,73.3,47.4
3525904,214925,Engenheiro De Tempos E Movimentos,12,36,42,8144.68,11756.65,12868.49,1,21,28,250.0,2700.0
3525904,214325,Engenheiro Eletrônico De Manutenção,32,22,54,10019.11,9406.98,17750.25,1,2,27,68.8,2600.0
3525904,142505,Gerente De Infraestrutura De Tecnologia Da Informação,26,26,49,13388.97,10074.02,24156.98,7,7,27,88.5,285.7
3525904,950110,"Supervisor De Manutenção Eletromecânica Industrial, Comercial E Predial",227,333,322,6858.56,6491.09,9523.48,1,2,26,41.9,2500.0
3525904,251225,Economista Do Setor Público,233,253,279,4568.84,4583.95,5674.85,8,8,26,19.7,225.0
3525904,241040,Consultor Jurídico,37,49,64,7055.31,6133.91,10687.25,10,7,25,73.0,150.0
3525904,122610,Diretor De Operações De Serviços De Armazenamento,3,20,24,32713.07,38008.3,41203.13,3,20,24,700.0,700.0
3525904,142310,Gerente De Comunicação,49,68,72,8144.11,7668.86,10930.92,6,12,23,46.9,283.3
3525904,122405,Diretor De Operações Comerciais (Comércio Atacadista E Varejista),27,16,40,23828.32,22511.42,15946.52,20,11,23,48.1,15.0
3525904,252205,Auditor (Contadores E Afins),132,140,186,6241.22,6085.72,8034.85,2,14,22,40.9,1000.0
3525904,212205,Engenheiro De Aplicativos Em Computação,128,140,144,11059.59,11791.74,14393.92,0,1,22,12.5,
3525904,313215,Técnico Eletrônico,682,860,1162,3143.49,3052.93,3843.56,0,0,21,70.4,
3525904,241010,Advogado De Empresa,57,43,47,11272.82,10075.53,12945.31,22,8,21,-17.5,-4.5
3525904,213105,Físico,4,5,21,19167.92,18776.63,174719.39,4,5,21,425.0,425.0
3525904,911305,"Mecânico De Manutenção De Máquinas, Em Geral",4849,5760,6783,3099.81,2942.18,3469.24,0,0,20,39.9,
3525904,410205,Supervisor De Almoxarifado,394,357,347,5239.03,5654.22,6451.96,10,13,20,-11.9,100.0
3525904,253210,Gerente De Clientes Especiais (Private),27,21,24,8910.43,8885.35,26120.97,2,2,19,-11.1,850.0
3525904,214410,Engenheiro Mecânico Automotivo,24,21,21,11053.94,12576.56,15678.7,0,0,19,-12.5,
3525904,253125,Diretor De Arte (Publicidade),54,44,70,7105.08,6424.48,10056.81,3,3,18,29.6,500.0
3525904,214125,Arquiteto Urbanista,18,18,20,14362.08,15328.82,14960.45,18,18,18,11.1,0.0
3525904,123705,Diretor De Pesquisa E Desenvolvimento (P&D),40,29,18,17117.17,17562.39,25691.02,30,19,18,-55.0,-40.0
3525904,123805,Diretor De Manutenção,19,25,20,20872.88,27322.73,37329.43,16,19,17,5.3,6.3
3525904,313205,Técnico De Manutenção Eletrônica,1059,1186,1169,4113.9,4387.73,5188.75,1,0,16,10.4,1500.0
3525904,223710,Nutricionista,305,358,320,4124.44,4181.71,6893.04,0,0,16,4.9,
3525904,214405,Engenheiro Mecânico,166,144,163,10318.87,11191.01,11845.27,4,0,16,-1.8,300.0
3525904,325205,Técnico De Alimentos,65,48,43,4781.88,5687.44,13749.34,0,0,16,-33.8,
3525904,122205,"Diretor De Produção E Operações Da Indústria De Transformação, Extração Mineral E Utilidades",18,18,22,29583.13,35105.86,31748.64,18,18,16,22.2,-11.1
3525904,141720,Gerente De Crédito E Cobrança,23,22,20,24130.66,26490.08,32222.6,14,14,16,-13.0,14.3
3525904,122505,Diretor De  Produção E Operações De Alimentação,13,15,16,30444.03,31242.08,39415.72,13,15,16,23.1,23.1
3525904,317210,Técnico De Suporte Ao Usuário De Tecnologia Da Informação,305,474,583,2869.07,2688.24,3733.9,0,0,15,91.1,
3525904,520105,Supervisor De Vendas De Serviços,285,279,236,4981.44,5089.52,8544.9,5,13,15,-17.2,200.0
3525904,121005,Diretor De Planejamento Estratégico,32,42,51,11173.68,9619.96,15562.47,4,4,15,59.4,275.0
3525904,950105,Supervisor De Manutenção Elétrica De Alta Tensão Industrial,38,33,38,6769.38,8107.13,9914.64,0,3,15,0.0,
3525904,212215,Engenheiros De Sistemas Operacionais Em Computação,15,22,24,19016.81,15581.51,50258.8,10,11,15,60.0,50.0
3525904,225148,Médico Anatomopatologista,27,29,17,7885.64,7685.23,12884.64,0,0,15,-37.0,
3525904,233210,Instrutor De Aprendizagem E Treinamento Industrial,478,448,515,4787.74,6112.61,8162.15,5,8,14,7.7,180.0
3525904,730105,Supervisor De Montagem E Instalação Eletroeletrônica,279,213,252,6192.2,7078.26,7887.34,5,8,14,-9.7,180.0
3525904,251605,Assistente Social,227,214,222,5758.18,5867.54,8649.73,0,0,14,-2.2,
3525904,142210,Gerente De Departamento Pessoal,137,161,175,6149.64,5499.43,6738.58,5,6,14,27.7,180.0
3525904,214420,Engenheiro Mecânico Industrial,46,57,72,7583.44,6868.2,7938.47,0,1,14,56.5,
3525904,212315,Administrador De Sistemas Operacionais,44,44,67,8244.52,9364.76,11216.82,1,0,14,52.3,1300.0
3525904,830105,"Mestre (Indústria De Celulose, Papel E Papelão)",43,31,66,7048.51,8280.23,11668.71,0,0,14,53.5,
3525904,354210,Supervisor De Compras,110,106,183,6377.85,6302.14,8845.81,7,2,13,66.4,85.7
3525904,352205,Agente De Defesa Ambiental,38,67,69,4263.67,4107.03,6436.57,0,0,13,81.6,
3525904,252605,Gestor Em Segurança,29,33,58,5171.87,7291.41,9870.92,0,3,13,100.0,
3525904,141715,Gerente De Câmbio E Comércio Exterior,14,17,46,9987.78,10774.23,9717.24,2,2,13,228.6,550.0
3525904,123405,Diretor De Suprimentos,25,16,26,31203.26,33532.32,39329.45,23,13,13,4.0,-43.5
3525904,860115,"Supervisor De Operação Elétrica (Geração, Transmissão E Distribuição De Energia Elétrica)",29,12,20,6455.32,9195.88,14564.51,1,1,13,-31.0,1200.0
3525904,141510,Gerente De Restaurante,1163,1346,1422,2775.16,3154.5,6037.7,1,0,12,22.3,1100.0
3525904,391115,Controlador De Entrada E Saída,895,777,1037,3490.29,3359.73,3842.85,0,0,12,15.9,
3525904,810205,Mestre (Indústria De Borracha E Plástico),390,429,512,5777.11,6308.23,8330.05,0,0,12,31.3,
3525904,524105,Vendedor Em Domicílio,452,669,351,2377.64,2245.35,5443.04,0,0,12,-22.3,
3525904,354140,Técnico Em Atendimento E Vendas,128,133,176,6059.22,6349.79,6399.27,1,28,12,37.5,1100.0
3525904,410230,Supervisor De Orçamento,115,114,122,6274.45,6464.16,8475.98,1,3,12,6.1,1100.0
3525904,810110,Mestre De Produção Química,91,117,112,7984.03,7867.78,11964.55,8,1,12,23.1,50.0
3525904,950305,Supervisor De Manutenção Eletromecânica,103,92,93,8393.87,9266.46,11073.91,2,4,12,-9.7,500.0
3525904,122620,Diretor De Operações De Serviços De Transporte,44,56,54,11608.4,14120.02,16062.91,12,13,12,22.7,0.0
3525904,214425,Engenheiro Aeronáutico,4,6,14,8102.95,11762.47,13987.6,0,0,12,250.0,
3525904,239205,Professor De Alunos Com Deficiência Auditiva E Surdos,0,0,12,,,27603.75,0,0,12,,
3525904,415210,Operador De Triagem E Transbordo,11,12,12,2966.19,3656.09,13910.29,0,0,12,9.1,
3525904,622010,Jardineiro,1787,1620,2008,1459.3,1516.94,1857.94,0,0,11,12.4,
3525904,413115,Auxiliar De Faturamento,1255,1130,1245,2361.54,2605.75,3288.7,0,0,11,-0.8,
3525904,301105,Técnico De Laboratório Industrial,610,582,636,4210.23,4568.81,6672.22,0,0,11,4.3,
3525904,141705,Gerente De Produtos Bancários,15,17,21,4149.18,4895.48,20286.79,0,0,11,40.0,
3525904,253220,Gerente De Grandes Contas (Corporate),6,12,19,12742.31,10722.31,18019.98,3,3,11,216.7,266.7
3525904,253120,Diretor De Mídia (Publicidade),160,123,86,4725.85,6660.07,6594.62,6,18,10,-46.3,66.7
3525904,410225,Supervisor De Crédito E Cobrança,102,161,72,5686.1,5346.25,7620.84,8,0,10,-29.4,25.0
3525904,332205,Professor Prático No Ensino Profissionalizante,14,25,18,2369.84,2208.46,9424.12,0,0,10,28.6,
3525904,214435,Tecnólogo Em Fabricação Mecânica,5,5,13,9633.34,10885.45,27135.37,0,0,10,160.0,
3525904,521110,Vendedor De Comércio Varejista,17205,17240,17874,2691.81,3055.97,3595.76,8,17,9,3.9,12.5
3525904,391210,Técnico De Garantia Da Qualidade,1248,1488,1467,4506.34,4781.67,5495.27,0,5,9,17.5,
3525904,252305,Secretária(O) Executiva(O),464,526,487,4663.63,4858.09,5863.74,2,9,9,5.0,350.0
3525904,410235,Supervisor De Tesouraria,123,114,145,6884.76,8171.48,9148.19,18,23,9,17.9,-50.0
3525904,261215,Analista De Informações (Pesquisador De Informações De Rede),144,116,140,4929.77,4795.9,8596.84,0,0,9,-2.8,
3525904,951305,Instalador De Sistemas Eletroeletrônicos De Segurança,53,90,133,2671.56,2795.19,4577.23,0,0,9,150.9,
3525904,142110,Gerente De Riscos,26,58,22,8236.3,6642.24,16518.61,7,6,9,-15.4,28.6
3525904,611005,"Produtor Agropecuário, Em Geral",5,5,14,1536.18,1634.58,16575.84,0,0,9,180.0,
3525904,214105,Arquiteto De Edificações,16,11,11,11502.56,10409.89,79345.98,6,2,9,-31.3,50.0
3525904,223405,Farmacêutico,1654,1691,1697,4110.9,4232.7,7267.28,0,0,8,2.6,
3525904,391125,Técnico De Planejamento De Produção,1164,1313,1246,4543.45,4880.02,5871.26,0,0,8,7.0,
3525904,342305,Chefe De Serviço De Transporte Rodoviário (Passageiros E Cargas),308,512,466,3491.69,3949.09,5306.43,1,1,8,51.3,700.0
3525904,241005,Advogado,256,322,315,5506.07,6250.9,6548.73,4,14,8,23.0,100.0
3525904,354150,Propagandista De Produtos Famacêuticos,298,301,295,4625.51,5367.39,5950.33,0,0,8,-1.0,
3525904,342105,Analista De Transporte Em Comércio Exterior,169,173,150,3447.25,3512.03,6048.71,0,0,8,-11.2,
3525904,311410,Técnico Em Plástico,147,173,142,4388.54,4394.44,12914.14,0,0,8,-3.4,
3525904,142535,Tecnólogo Em Gestão Da Tecnologia Da Informação,18,12,23,10215.21,10631.15,16264.11,3,3,8,27.8,166.7
3525904,142415,Gerente De Almoxarifado,13,12,19,10948.52,12874.26,13285.86,3,4,8,46.2,166.7
3525904,223705,Dietista,13,26,19,1581.83,1561.49,8199.53,0,0,8,46.2,
3525904,212425,Arquiteto De Soluções De Tecnologia Da Informação,1,0,13,2712.49,,14715.28,0,0,8,1200.0,
3525904,122705,Diretor Comercial Em Operações De Intermediação Financeira,2,2,8,28532.56,35788.23,100681.62,2,2,8,300.0,300.0
3525904,203505,Pesquisador Em Ciências Sociais E Humanas,9,9,8,10694.14,11235.1,22568.34,0,0,8,-11.1,
3525904,732105,"Eletricista De Manutenção De Linhas Elétricas, Telefônicas E De Comunicação De Dados",478,449,437,3238.59,3725.53,5302.4,0,0,7,-8.6,
3525904,395105,Técnico De Apoio Em Pesquisa E Desenvolvimento (Exceto Agropecuário E Florestal),258,287,287,5769.51,5454.74,7669.75,2,2,7,11.2,250.0
3525904,212415,Analista De Sistemas De Automação,104,183,209,5818.63,5471.86,6923.43,0,0,7,101.0,
3525904,862305,Operador De Estação De Tratamento De Água E Efluentes,151,150,163,3663.8,3811.28,4017.0,7,7,7,7.9,0.0
3525904,413205,Atendente De Agência,76,107,92,1985.06,2347.72,4409.66,0,0,7,21.1,
3525904,213205,Químico,81,72,78,7311.21,8387.78,9207.74,0,0,7,-3.7,
3525904,234510,Professor De Ensino Superior Na Área De Orientação Educacional,30,27,68,6113.23,6370.51,5870.81,0,0,7,126.7,
3525904,214505,Engenheiro Químico,66,65,65,9086.27,7401.86,10773.84,12,2,7,-1.5,-41.7
3525904,214005,Engenheiro Ambiental,23,20,28,6828.78,7991.7,13675.29,1,0,7,21.7,600.0
3525904,414215,Conferente De Carga E Descarga,4298,6745,6617,2379.32,2298.5,3100.23,0,0,6,54.0,
3525904,414120,Conferente Mercadoria (Exceto Carga E Descarga),911,1079,1166,2264.4,2718.35,3857.86,0,0,6,28.0,
3525904,420135,Supervisor De Telemarketing E Atendimento,552,658,669,4382.5,4210.74,5885.14,0,11,6,21.2,
3525904,251215,Economista Financeiro,388,375,378,4579.92,4374.29,5186.46,13,0,6,-2.6,-53.8
3525904,391130,Técnico De Planejamento E Programação Da Manutenção,222,307,293,4012.89,4133.94,4434.09,0,2,6,32.0,
3525904,333110,Instrutor De Cursos Livres,259,240,249,1682.88,2185.16,6180.54,3,3,6,-3.9,100.0
3525904,391105,Cronoanalista,241,242,212,5656.61,5793.75,6561.86,0,0,6,-12.0,
3525904,818105,Assistente De Laboratório Industrial,69,100,99,2610.37,2548.1,3889.1,0,0,6,43.5,
3525904,223305,Médico Veterinário,35,41,42,7185.3,6896.03,7410.15,7,7,6,20.0,-14.3
3525904,211110,Especialista Em Pesquisa Operacional,21,17,28,5851.61,6536.49,15031.59,0,1,6,33.3,
3525904,123605,Diretor De Tecnologia Da Informação,11,7,9,12439.94,15145.21,23137.17,5,3,6,-18.2,20.0
3525904,725420,Mecânico Montador De Turboalimentadores,4,3,6,11965.03,15371.94,16082.84,3,3,6,50.0,100.0
3525904,214255,Engenheiro Civil (Rodovias),8,8,6,7507.7,24590.49,28074.62,0,8,6,-25.0,
3525904,510310,Supervisor De Vigilantes,290,252,229,4910.52,5138.65,5580.02,2,2,5,-21.0,150.0
3525904,715610,Eletricista De Instalações (Edifícios),134,130,110,3076.79,3186.4,5251.6,0,0,5,-17.9,
3525904,214610,Engenheiro Metalurgista,59,70,91,11046.55,11498.82,11972.73,0,4,5,54.2,
3525904,318005,Desenhista Técnico,79,52,61,4402.19,5646.48,4673.49,2,0,5,-22.8,150.0
3525904,214315,Engenheiro Eletricista De Manutenção,32,32,37,12629.94,13266.39,14338.0,20,19,5,15.6,-75.0
3525904,261210,Documentalista,123,19,36,2731.2,4948.99,11048.84,0,0,5,-70.7,
3525904,122305,Diretor De Operações De Obras Pública E Civil,2,5,7,21024.64,22684.14,21207.39,2,5,5,250.0,150.0
3525904,252550,Profissional De Relações Com Investidores,0,4,5,,7313.0,20875.31,0,0,5,,
3525904,414125,Estoquista,882,1180,1264,1846.86,2104.26,2623.88,0,0,4,43.3,
3525904,354120,Agente De Vendas De Serviços,636,728,755,3946.94,4268.09,4694.43,0,1,4,18.7,
3525904,233215,Instrutor De Aprendizagem E Treinamento Comercial,618,599,659,3900.71,4156.3,5744.2,0,0,4,6.6,
3525904,724110,Encanador,407,471,554,2724.76,3069.43,3625.85,0,0,4,36.1,
3525904,354145,Vendedor Pracista,363,359,376,4575.79,5151.89,6062.76,8,4,4,3.6,-50.0
3525904,342110,Operador De Transporte Multimodal,348,440,370,2983.96,3334.05,3928.47,0,0,4,6.3,
3525904,313130,Técnico Eletricista,365,311,352,5172.45,6012.81,6158.41,0,4,4,-3.6,
3525904,725105,"Montador De Máquinas, Motores E Acessórios (Montagem Em Série)",457,343,267,2206.57,2700.82,3359.82,0,0,4,-41.6,
3525904,511205,Fiscal De Transportes Coletivos (Exceto Trem),183,146,126,1886.98,2894.95,3284.49,0,4,4,-31.1,
3525904,351505,Técnico Em Secretariado,104,106,105,2742.24,2791.38,3289.08,0,0,4,1.0,
3525904,252720,Analista De Projetos Logisticos,35,44,64,4711.24,4820.61,6590.54,0,0,4,82.9,
3525904,142325,Relações Públicas,36,46,41,4621.89,5967.53,6216.5,0,0,4,13.9,
3525904,223510,Enfermeiro Auditor,66,69,38,5022.7,5618.57,9451.94,0,0,4,-42.4,
3525904,131115,Gerente De Serviços Culturais,32,33,24,6520.16,7361.27,10510.44,3,5,4,-25.0,33.3
3525904,141610,Gerente De Operações De Correios E Telecomunicações,6,6,6,11766.86,13353.15,12810.49,4,4,4,0.0,0.0
3525904,203125,Pesquisador Em Química,0,0,4,,,211889.23,0,0,4,,
3525904,782510,Motorista De Caminhão (Rotas Regionais E Internacionais),12894,14150,14359,2768.66,2991.93,3474.46,0,0,3,11.4,
3525904,513505,Auxiliar Nos Serviços De Alimentação,5207,6639,7219,1501.8,1643.0,2262.28,0,0,3,38.6,
3525904,414105,Almoxarife,5093,5805,5858,2352.42,2504.32,2955.08,0,0,3,15.0,
3525904,514325,Trabalhador Da Manutenção De Edificações,1423,1574,1555,1808.44,2014.27,2333.79,0,0,3,9.3,
3525904,510105,Supervisor De Transportes,200,240,235,4399.72,5090.43,5923.28,1,1,3,17.5,200.0
3525904,314120,Técnico Mecânico (Máquinas),329,217,222,2819.08,2734.91,2578.95,0,3,3,-32.5,
3525904,391135,Técnico De Matéria-Prima E Material,125,138,143,5345.7,5764.26,6356.96,0,0,3,14.4,
3525904,391145,Analista De Planejamento De Manutenção,0,20,107,,4513.33,4796.06,0,0,3,,
3525904,410215,Supervisor De Contas A Pagar,74,82,95,4856.68,6028.5,6025.28,0,5,3,28.4,
3525904,720150,Mestre De Usinagem,32,101,72,5589.55,6194.04,6821.32,0,0,3,125.0,
3525904,910130,Supervisor De Manutenção De Máquinas Operatrizes E De Usinagem,22,19,49,8311.32,10425.21,5803.7,0,3,3,122.7,
3525904,262420,Desenhista Industrial De Produto (Designer De Produto),13,29,32,4849.03,5622.76,5487.6,0,0,3,146.2,
3525904,351730,Inspetor De Sinistros,21,26,28,2150.87,2036.74,4622.71,0,0,3,33.3,
3525904,821105,Operador De Centro De Controle ( Sinterização),15,19,19,2399.12,2229.92,5265.26,0,0,3,26.7,
3525904,421115,Bilheteiro No Serviço De Diversões,35,30,19,1317.8,1283.33,7011.68,0,0,3,-45.7,
3525904,820105,Mestre De Siderurgia,16,14,17,11170.19,12503.05,16868.85,0,0,3,6.3,
3525904,910125,Supervisor De Manutenção De Máquinas Industriais Têxteis,11,6,11,10051.15,11702.35,10289.16,0,3,3,0.0,
3525904,720160,Supervisor De Controle De Tratamento Térmico,8,8,11,9661.54,9760.52,12700.71,0,0,3,37.5,
3525904,131205,Diretor De Serviços De Saúde,10,3,10,11498.57,32555.5,50407.78,3,3,3,0.0,0.0
3525904,212210,Engenheiro De Equipamentos Em Computação,0,0,6,,,22256.66,0,0,3,,
3525904,211205,Estatístico,4,4,4,9889.53,11904.92,13216.02,0,0,3,0.0,
3525904,141525,Gerente De Turismo,6,6,3,12374.78,13962.54,19107.8,0,6,3,-50.0,
3525904,421125,Operador De Caixa,8027,8228,8339,1611.69,1748.4,2071.11,0,0,2,3.9,
3525904,513205,Cozinheiro Geral,5300,5679,6020,1840.7,2029.13,2743.84,0,0,2,13.6,
3525904,342125,Tecnólogo Em Logística De Transporte,1476,2147,2736,3005.84,3002.42,3657.89,1,1,2,85.4,100.0
3525904,413110,Auxiliar De Contabilidade,1989,2240,2246,2699.14,2844.89,3243.89,0,0,2,12.9,
3525904,782310,Motorista De Furgão Ou Veículo Similar,2028,2037,2074,2640.8,2578.53,3167.87,0,0,2,2.3,
3525904,414210,Apontador De Produção,832,886,873,3706.17,3752.3,4048.36,0,0,2,4.9,
3525904,342310,Inspetor De Serviços De Transportes Rodoviários (Passageiros E Cargas),590,420,489,1732.92,2120.88,2369.35,0,0,2,-17.1,
3525904,715125,Operador De Máquinas De Construção Civil E Mineração,366,470,451,2622.11,2826.15,3655.64,0,0,2,23.2,
3525904,111415,Dirigente Do Serviço Público Municipal,18,294,324,7630.36,8362.99,9012.71,4,2,2,1700.0,-50.0
3525904,420105,Supervisor De Caixas E Bilheteiros (Exceto Caixa De Banco),219,226,249,2868.08,3025.13,7025.01,0,0,2,13.7,
3525904,715145,Operador De Trator De Lâmina,355,334,235,1886.97,1782.21,2320.35,0,0,2,-33.8,
3525904,911205,Mecânico De Manutenção E Instalação De Aparelhos De Climatização E  Refrigeração,270,188,224,2208.85,2672.94,2835.76,0,0,2,-17.0,
3525904,720215,Mestre (Indústria De Máquinas E Outros Equipamentos Mecânicos),181,146,139,6501.88,7929.38,11030.68,0,1,2,-23.2,
3525904,322215,Técnico De Enfermagem Do Trabalho,56,98,134,3082.57,3017.38,3940.03,0,0,2,139.3,
3525904,314210,Técnico Mecânico Na Manutenção De Ferramentas,65,132,103,3752.56,4034.94,4264.91,1,2,2,58.5,100.0
3525904,351105,Técnico De Contabilidade,115,78,80,3742.57,3530.18,4257.53,0,0,2,-30.4,
3525904,860105,Supervisor De Manutenção Eletromecânica (Utilidades),67,74,66,4464.79,5398.03,6146.91,0,2,2,-1.5,
3525904,422220,Operador De Rádio-Chamada,36,37,43,4388.97,3910.59,4147.58,4,3,2,19.4,-50.0
3525904,910115,"Supervisor De Manutenção De Bombas, Motores, Compressores E Equipamentos De Transmissão",33,31,25,5010.49,5811.52,5845.0,3,3,2,-24.2,-33.3
3525904,251205,Economista,23,23,23,7784.02,8052.79,8046.72,0,2,2,0.0,
3525904,142345,Profissional De Relações Institucionais E Governamentais,2,4,11,22718.86,20161.81,79565.38,2,2,2,450.0,0.0
3525904,202105,Engenheiro Mecatrônico,12,9,9,3736.86,10462.61,11474.49,0,0,2,-25.0,
3525904,225170,Médico Generalista,4,4,3,8891.94,8970.15,13435.26,2,2,2,-25.0,0.0
3525904,142525,Gerente De Segurança Da Informação,8,8,2,21827.32,12993.7,20029.61,7,3,2,-75.0,-71.4
3525904,720110,Mestre De Caldeiraria,7,2,2,8200.32,12661.87,14154.38,0,0,2,-71.4,
3525904,141815,Gerente De Operações Em Aeroportos,0,0,2,,,16358.83,0,0,2,,
3525904,122755,Diretor De Riscos De Mercado,2,2,2,20922.96,21024.64,22767.98,2,2,2,0.0,0.0
3525904,122710,Diretor De Produtos Bancários,0,2,2,,33450.04,40005.97,0,2,2,,
3525904,715605,Eletricista De Instalações (Cenários),2,2,2,5071.02,5086.72,22043.91,0,0,2,0.0,
3525904,214260,Engenheiro Civil (Saneamento),0,0,2,,,15820.32,0,0,2,,
3525904,411005,Auxiliar De Escritório,17051,18407,17351,1741.39,1786.19,2179.47,30,0,1,1.8,-96.7
3525904,223505,Enfermeiro,3034,3312,2955,5198.1,5577.63,6684.12,0,0,1,-2.6,
3525904,717020,Servente De Obras,2348,2813,2586,1579.51,1800.42,2336.84,0,0,1,10.1,
3525904,422320,Operador De Telemarketing Técnico,1338,1957,1664,1989.99,1916.4,2063.53,1,1,1,24.4,0.0
3525904,715210,Pedreiro,1761,1736,1608,2053.43,2136.82,4144.87,0,0,1,-8.7,
3525904,300305,Técnico Em Eletromecânica,679,1558,1071,4527.02,4362.53,5505.86,1,2,1,57.7,0.0
3525904,821405,Encarregado De Acabamento De Chapas E Metais  (Têmpera),265,280,304,4346.9,4257.71,5521.44,0,1,1,14.7,
3525904,715505,Carpinteiro,154,293,302,2134.62,2140.08,2769.95,0,0,1,96.1,
3525904,252705,Analista De Pcp (Programação E Controle Da Produção),174,216,274,4845.36,5056.58,5507.3,0,0,1,57.5,
3525904,318610,Desenhista Projetista Mecânico,232,226,266,6273.33,6697.87,6992.6,0,1,1,14.7,
3525904,724115,Instalador De Tubulações,113,184,126,2627.29,3566.38,4876.46,0,0,1,11.5,
3525904,141405,Comerciante Atacadista,94,87,101,1721.95,2475.38,2492.71,0,1,1,7.4,
3525904,351305,Técnico Em Administração,60,95,89,3113.55,3077.24,4346.57,1,1,1,48.3,0.0
3525904,352310,Agente Fiscal De Qualidade,73,75,79,2134.7,1997.83,3103.56,0,0,1,8.2,
3525904,212310,Administrador De Redes,68,79,70,6510.3,8618.45,8902.67,0,0,1,2.9,
3525904,142125,Analista De Compliance,0,25,64,,3428.5,4124.88,0,0,1,,
3525904,760310,Encarregado De Costura Na Confecção Do Vestuário,47,38,55,2340.7,2765.28,3171.02,0,0,1,17.0,
3525904,312305,Técnico Em Agrimensura,43,36,45,4980.06,4831.86,5048.85,2,1,1,4.7,-50.0
3525904,519905,Cartazeiro,152,131,43,1400.86,1740.51,4826.92,1,1,1,-71.7,0.0
3525904,760605,Supervisor Das Artes Gráficas  (Indústria Editorial E Gráfica),38,36,30,5030.36,5545.63,5767.17,0,0,1,-21.1,
3525904,351110,Chefe De Contabilidade (Técnico),11,23,19,6498.72,5703.42,6060.58,0,1,1,72.7,
3525904,222110,Engenheiro Agrônomo,14,12,13,9770.83,9326.68,10138.12,2,0,1,-7.1,-50.0
3525904,212320,Administrador Em Segurança Da Informação,37,15,10,6753.63,7906.28,7528.65,3,0,1,-73.0,-66.7
3525904,354705,Representante Comercial Autônomo,3,12,8,1835.8,2359.49,6678.05,0,0,1,166.7,
3525904,111220,Secretário - Executivo,1,1,8,24456.3,24456.3,4712.85,1,1,1,700.0,0.0
3525904,214930,Tecnólogo Em Produção Industrial,5,2,7,9779.34,10322.65,9567.2,0,1,1,40.0,
3525904,214280,Tecnólogo Em Construção Civil,2,1,5,4737.6,5831.33,12885.51,0,0,1,150.0,
3525904,253205,Gerente De Captação (Fundos E Investimentos Institucionais),5,7,5,17147.88,12433.6,17773.83,1,1,1,0.0,0.0
3525904,860110,"Supervisor De Operação De Fluidos (Distribuição, Captação, Tratamento De Água, Gases, Vapor)",6,6,4,7859.7,7952.86,11298.41,0,2,1,-33.3,
3525904,222120,Engenheiro Florestal,1,1,3,12915.14,14077.62,9485.03,0,1,1,200.0,
3525904,261130,Produtor De Texto,5,15,3,2800.08,2736.4,9212.25,0,0,1,-40.0,
3525904,214330,Engenheiro Eletrônico De Projetos,2,4,3,12261.05,10223.17,12211.92,1,1,1,50.0,0.0
3525904,241210,Procurador Autárquico,1,1,2,13841.03,17982.76,16667.0,0,1,1,100.0,
3525904,141110,Gerente De Produção E Operações  Florestais,2,1,2,8463.34,6954.72,121978.66,0,0,1,0.0,
3525904,325005,Enólogo,1,1,1,13467.35,14281.48,15828.62,0,1,1,0.0,
3525904,203225,"Pesquisador De Engenharia Metalúrgica, De Minas E De Materiais",2,1,1,17554.81,27834.18,66028.75,1,1,1,-50.0,0.0
3525904,741115,Montador De Instrumentos De Precisão,0,7,1,,2951.4,13945.59,0,0,1,,
3525904,262220,Diretor Teatral,1,1,1,60467.67,68750.0,75750.0,1,1,1,0.0,0.0
3525904,214430,Engenheiro Naval,0,0,1,,,22350.52,0,0,1,,
3525904,910120,Supervisor De Manutenção De Máquinas Gráficas,0,1,1,,14938.41,16100.34,0,1,1,,
3525904,351415,Escrivão Extra - Judicial,0,1,1,,18971.39,19217.56,0,1,1,,
3525904,318120,Desenhista Técnico (Instalações Hidrossanitárias),0,0,1,,,14420.77,0,0,1,,
3538709,413225,Escriturário De Banco,498,471,452,9575.56,10043.44,34918.33,15,0,452,-9.2,2913.3
3538709,141205,Gerente De Produção E Operações,570,674,759,9269.43,9197.86,10390.76,63,239,257,33.2,307.9
3538709,131210,Gerente De Serviços De Saúde,343,353,323,4514.97,4593.89,16356.05,0,3,245,-5.8,
3538709,225125,Médico Clínico,294,284,252,14924.44,15179.03,16906.98,202,198,241,-14.3,19.3
3538709,141415,Gerente De Loja E Supermercado,1269,1293,1400,3668.8,3931.5,8062.72,0,0,217,10.3,
3538709,253215,Gerente De Contas - Pessoa Física E Jurídica,332,416,428,7002.34,7024.24,12838.02,24,18,217,28.9,804.2
3538709,234310,Professor De Engenharia,250,266,230,14184.96,12774.54,17560.94,185,202,181,-8.0,-2.2
3538709,141410,Comerciante Varejista,776,813,717,2720.9,2848.61,6034.63,0,0,150,-7.6,
3538709,142105,Gerente Administrativo,2023,2123,2236,4316.42,4682.29,5813.03,54,70,138,10.5,155.6
3538709,520110,Supervisor De Vendas Comercial,1263,1396,1029,3829.62,3863.05,7459.09,4,15,138,-18.5,3350.0
3538709,142605,Gerente De Pesquisa E Desenvolvimento (P&D),268,275,253,10546.37,13578.92,13468.4,83,134,128,-5.6,54.2
3538709,782510,Motorista De Caminhão (Rotas Regionais E Internacionais),10170,10540,11353,2599.39,2791.95,3521.66,0,0,124,11.6,
3538709,142320,Gerente De Vendas,812,855,744,6481.23,6287.68,9614.99,89,59,117,-8.4,31.5
3538709,121010,Diretor Geral De Empresa E Organizações (Exceto De Interesse Público),101,150,136,31074.52,40192.76,117983.66,52,93,102,34.7,96.2
3538709,142305,Gerente Comercial,1242,1214,1191,6863.94,7928.72,6678.18,133,130,96,-4.1,-27.8
3538709,141710,Gerente De Agência,72,81,93,10488.4,12421.89,37049.36,23,33,92,29.2,300.0
3538709,142330,Analista De Negócios,264,413,596,6273.58,5928.88,8282.38,4,7,91,125.8,2175.0
3538709,214910,Engenheiro De Controle De Qualidade,132,109,122,11514.15,12971.18,17055.24,6,48,91,-7.6,1416.7
3538709,252105,Administrador,1409,1603,1691,4343.61,4383.4,6048.84,46,45,83,20.0,80.4
3538709,223208,Cirurgião Dentista - Clínico Geral,148,139,159,10033.51,10264.03,10380.58,72,73,80,7.4,11.1
3538709,141705,Gerente De Produtos Bancários,38,82,77,8800.8,9181.48,21948.6,0,0,74,102.6,
3538709,214905,Engenheiro De Produção,210,239,260,9152.89,9408.79,12772.09,0,0,73,23.8,
3538709,142115,Gerente Financeiro,293,305,339,6988.79,7067.44,8777.79,51,52,69,15.7,35.3
3538709,142205,Gerente De Recursos Humanos,262,252,262,8652.07,9546.65,11024.39,58,65,68,0.0,17.2
3538709,410105,Supervisor Administrativo,1837,1972,2086,4226.97,4247.08,5591.35,3,14,62,13.6,1966.7
3538709,141615,Gerente De Logística (Armazenagem E Distribuição),164,187,209,8203.74,8992.14,9639.98,40,52,59,27.4,47.5
3538709,214205,Engenheiro Civil,203,224,218,8281.52,8687.25,12196.0,27,28,54,7.4,100.0
3538709,142705,Gerente De Projetos E Serviços De Manutenção,147,162,198,9086.32,9506.24,11677.38,31,44,54,34.7,74.2
3538709,391125,Técnico De Planejamento De Produção,852,895,984,4843.25,5206.91,6063.19,0,0,53,15.5,
3538709,225140,Médico Do Trabalho,68,68,67,12939.76,14565.63,16424.04,27,46,51,-1.5,88.9
3538709,252210,Contador,1090,1155,1133,5003.41,5166.8,6176.44,4,6,49,3.9,1125.0
3538709,720210,Mestre (Indústria De Automotores E Material De Transportes),578,636,692,6206.8,6969.4,8449.81,0,7,46,19.7,
3538709,354130,Promotor De Vendas Especializado,333,270,278,5228.51,5756.65,8193.32,0,1,45,-16.5,
3538709,214420,Engenheiro Mecânico Industrial,155,106,121,7274.99,9487.31,14312.75,9,35,45,-21.9,400.0
3538709,641005,Operador De Colheitadeira,145,212,142,3292.22,3503.33,8438.98,0,0,44,-2.1,
3538709,142315,Gerente De Marketing,200,207,197,6136.09,7880.97,8395.04,23,47,43,-1.5,87.0
3538709,123105,Diretor Administrativo,104,101,96,14142.69,16946.66,71625.7,46,46,41,-7.7,-10.9
3538709,710205,Mestre (Construção Civil),385,504,584,3655.81,4117.49,5848.22,0,3,37,51.7,
3538709,354210,Supervisor De Compras,127,122,135,7965.71,8674.9,9018.04,9,6,37,6.3,311.1
3538709,225142,Médico Da Estratégia De Saúde Da Família,47,42,37,16873.15,17456.18,18169.43,47,42,36,-21.3,-23.4
3538709,142405,Gerente De Compras,169,197,151,8321.34,9555.29,9507.4,26,44,35,-10.7,34.6
3538709,142335,Analista De Pesquisa De Mercado,399,517,696,3666.43,3970.63,4131.27,24,24,33,74.4,37.5
3538709,421120,Emissor De Passagens,128,71,40,1483.04,1868.76,17236.9,0,0,33,-68.8,
3538709,223905,Terapeuta Ocupacional,47,62,70,4300.58,3918.15,12127.65,0,0,32,48.9,
3538709,234205,Professor De Física (Ensino Superior),63,63,61,10324.78,10858.73,13591.04,30,33,32,-3.2,6.7
3538709,521110,Vendedor De Comércio Varejista,17158,17557,17776,2206.02,2497.1,2898.78,2,0,31,3.6,1450.0
3538709,910205,Supervisor Da Manutenção E Reparação De Veículos Leves,71,86,112,3267.19,3852.22,8085.23,0,0,30,57.7,
3538709,913115,Mecânico De Manutenção De Máquinas Agrícolas,88,85,95,3587.43,4214.7,9835.85,0,0,24,8.0,
3538709,203210,Pesquisador De Engenharia E Tecnologia (Outras Áreas Da Engenharia),77,93,81,9791.41,8273.13,11147.93,20,21,24,5.2,20.0
3538709,122305,Diretor De Operações De Obras Pública E Civil,6,30,30,2338.03,17785.55,21022.5,0,24,24,400.0,
3538709,710120,Supervisor De Produção Na Mineração,13,13,25,5238.18,5544.28,13571.61,0,0,24,92.3,
3538709,214610,Engenheiro Metalurgista,21,23,28,11488.16,11535.31,14687.54,4,4,20,33.3,400.0
3538709,142410,Gerente De Suprimentos,71,56,68,13102.13,12497.63,12236.8,26,18,19,-4.2,-26.9
3538709,214315,Engenheiro Eletricista De Manutenção,30,30,42,10057.98,10885.64,12018.13,0,0,18,40.0,
3538709,123305,Diretor Comercial,30,29,31,20926.5,25111.37,52827.08,21,22,18,3.3,-14.3
3538709,214405,Engenheiro Mecânico,152,168,219,8082.28,8306.93,8487.01,1,0,17,44.1,1600.0
3538709,142520,Gerente De Projetos De Tecnologia Da Informação,35,57,67,10738.92,10225.08,11490.74,7,16,17,91.4,142.9
3538709,123110,Diretor Administrativo E Financeiro,35,46,33,13364.05,15453.64,185806.21,10,19,17,-5.7,70.0
3538709,342125,Tecnólogo Em Logística De Transporte,583,664,735,2792.06,3107.44,3559.05,0,0,15,26.1,
3538709,354135,Técnico De Vendas,317,432,588,5235.73,5035.29,5106.12,12,19,15,85.5,25.0
3538709,413205,Atendente De Agência,153,187,194,2716.58,3028.49,5367.75,0,0,15,26.8,
3538709,261205,Bibliotecário,40,43,48,8736.58,8717.92,9489.32,13,15,15,20.0,15.4
3538709,142515,Gerente De Operação De Tecnologia Da Informação,20,19,23,14988.85,15211.0,24956.59,13,6,15,15.0,15.4
3538709,410240,Supervisor De Logística,91,136,189,6574.87,5140.62,6630.05,11,12,14,107.7,27.3
3538709,214305,Engenheiro Eletricista,58,60,70,9176.02,9078.41,11470.66,0,0,14,20.7,
3538709,241010,Advogado De Empresa,53,56,52,10558.61,11167.59,11677.11,12,12,14,-1.9,16.7
3538709,253210,Gerente De Clientes Especiais (Private),13,12,14,7386.13,7567.36,31020.41,0,0,14,7.7,
3538709,951105,Eletricista De Manutenção Eletroeletrônica,983,1069,1141,4331.36,4574.24,5856.38,0,0,13,16.1,
3538709,313130,Técnico Eletricista,111,129,161,4302.85,4496.47,8800.4,0,0,13,45.0,
3538709,391120,Planejista,73,79,97,6254.39,5370.99,9088.86,1,1,13,32.9,1200.0
3538709,121005,Diretor De Planejamento Estratégico,36,29,24,30684.81,37621.11,25164.1,19,18,13,-33.3,-31.6
3538709,239405,Coordenador Pedagógico,213,239,194,4984.05,5018.41,7331.64,0,0,12,-8.9,
3538709,724410,Caldeireiro (Chapas De Ferro E Aço),1498,1674,1606,3458.9,3539.13,4305.0,0,0,11,7.2,
3538709,212405,Analista De Desenvolvimento De Sistemas,955,1152,1118,5913.59,5828.26,7406.17,12,12,11,17.1,-8.3
3538709,395105,Técnico De Apoio Em Pesquisa E Desenvolvimento (Exceto Agropecuário E Florestal),384,396,391,7201.21,7152.24,8374.64,0,1,10,1.8,
3538709,715125,Operador De Máquinas De Construção Civil E Mineração,290,294,380,2949.0,2938.02,3889.1,0,0,10,31.0,
3538709,223710,Nutricionista,215,233,266,3865.91,3890.04,5198.62,0,0,10,23.7,
3538709,141605,Gerente De Operações De Transportes,138,157,175,5350.56,5303.94,5803.21,6,6,10,26.8,66.7
3538709,351730,Inspetor De Sinistros,78,89,76,2097.12,2134.1,6526.87,0,0,10,-2.6,
3538709,142310,Gerente De Comunicação,57,61,41,6744.14,7357.2,9132.4,10,12,10,-28.1,0.0
3538709,131115,Gerente De Serviços Culturais,11,13,21,6134.55,6700.91,12343.02,1,4,10,90.9,900.0
3538709,123115,Diretor Financeiro,15,10,13,13801.05,26498.88,20056.66,2,8,10,-13.3,400.0
3538709,820125,Mestre De Laminação,8,10,10,12578.2,12604.03,14380.07,0,0,10,25.0,
3538709,203505,Pesquisador Em Ciências Sociais E Humanas,10,15,10,12457.23,9767.0,23141.4,0,0,10,0.0,
3538709,521105,Vendedor Em Comércio Atacadista,1160,1113,1167,2713.48,2827.91,3694.58,0,5,9,0.6,
3538709,312105,Técnico De Obras Civis,96,120,143,3598.2,3664.84,5494.15,0,0,9,49.0,
3538709,391135,Técnico De Matéria-Prima E Material,111,125,137,4555.69,5017.67,7133.61,0,0,9,23.4,
3538709,252205,Auditor (Contadores E Afins),52,61,82,5700.19,5280.76,7675.96,2,0,9,57.7,350.0
3538709,141110,Gerente De Produção E Operações  Florestais,34,39,23,8482.56,9218.88,9697.12,1,1,9,-32.4,800.0
3538709,142210,Gerente De Departamento Pessoal,140,128,127,5423.18,6195.38,7246.86,8,5,8,-9.3,0.0
3538709,410235,Supervisor De Tesouraria,92,87,96,5150.37,5240.74,6307.48,2,5,8,4.3,300.0
3538709,222110,Engenheiro Agrônomo,39,46,46,7216.2,8233.46,7427.9,0,3,8,17.9,
3538709,142530,Gerente De Suporte Técnico De Tecnologia Da Informação,56,53,46,7057.71,7891.86,9462.61,8,7,8,-17.9,0.0
3538709,142505,Gerente De Infraestrutura De Tecnologia Da Informação,23,26,30,6614.26,11002.26,11290.1,1,2,8,30.4,700.0
3538709,820110,Mestre De Aciaria,24,21,23,6886.62,7194.68,14929.67,0,0,8,-4.2,
3538709,354125,Assistente De Vendas,1405,1520,1737,2564.54,2626.21,2926.99,0,0,7,23.6,
3538709,410230,Supervisor De Orçamento,42,45,53,4157.54,4160.1,6467.72,3,1,7,26.2,133.3
3538709,351110,Chefe De Contabilidade (Técnico),20,19,24,6384.45,7362.65,7848.29,0,0,7,20.0,
3538709,262615,Músico Regente,13,10,14,2888.27,3191.3,26152.2,1,1,7,7.7,600.0
3538709,353235,Chefe De Serviços Bancários,0,9,7,,4942.8,23626.71,0,0,7,,
3538709,122205,"Diretor De Produção E Operações Da Indústria De Transformação, Extração Mineral E Utilidades",13,10,7,34115.69,40021.06,62869.79,12,9,7,-46.2,-41.7
3538709,521115,Promotor De Vendas,592,469,539,1780.84,1725.39,2272.23,0,0,6,-9.0,
3538709,253225,Operador De Negócios,232,237,272,2578.65,2538.5,3365.52,0,0,6,17.2,
3538709,840105,Supervisor De Produção Da Indústria Alimentícia,186,198,237,3932.56,3564.72,4828.33,0,0,6,27.4,
3538709,342305,Chefe De Serviço De Transporte Rodoviário (Passageiros E Cargas),189,203,236,3416.07,3476.16,4647.73,0,0,6,24.9,
3538709,221105,Biólogo,126,113,57,4547.21,5272.19,7716.31,6,6,6,-54.8,0.0
3538709,214915,Engenheiro De Segurança Do Trabalho,48,46,56,9406.48,9345.01,10108.13,1,4,6,16.7,500.0
3538709,715140,"Operador De Pavimentadora (Asfalto, Concreto E Materiais Similares)",15,20,34,2188.9,2340.89,5362.83,0,0,6,126.7,
3538709,214005,Engenheiro Ambiental,15,16,28,7679.15,7373.23,9207.1,0,1,6,86.7,
3538709,342120,Afretador,0,0,6,,,44454.63,0,0,6,,
3538709,214220,Engenheiro Civil (Estruturas Metálicas),6,6,6,15472.02,17834.31,18751.45,6,6,6,0.0,0.0
3538709,391205,Inspetor De Qualidade,2532,2981,3330,3379.17,3734.77,3989.69,2,0,5,31.5,150.0
3538709,782305,Motorista De Carro De Passeio,1486,1464,1493,2478.05,2596.67,2954.37,0,0,5,0.5,
3538709,321105,Técnico Agrícola,162,214,252,6260.76,6093.25,8408.47,0,3,5,55.6,
3538709,142415,Gerente De Almoxarifado,18,18,26,10350.68,10656.0,10920.0,4,4,5,44.4,25.0
3538709,123705,Diretor De Pesquisa E Desenvolvimento (P&D),17,16,26,29948.98,30363.09,16241.22,11,6,5,52.9,-54.5
3538709,760125,Mestre (Indústria Têxtil E De Confecções),13,17,18,4218.48,3642.0,10270.99,0,0,5,38.5,
3538709,517410,Porteiro De Edifícios,2623,2643,2601,2098.75,2207.57,2577.57,0,0,4,-0.8,
3538709,351605,Técnico Em Segurança Do Trabalho,752,763,915,3938.03,4114.09,4641.58,0,0,4,21.7,
3538709,992115,Borracheiro,369,422,499,2102.55,2188.49,2624.23,0,0,4,35.2,
3538709,953115,"Eletricista De Instalações (Veículos Automotores E Máquinas Operatrizes, Exceto Aeronaves E Embarcações)",422,438,472,2409.54,2370.69,3003.5,0,0,4,11.8,
3538709,252545,Analista Financeiro (Instituições Financeiras),321,363,432,3410.34,3579.02,4925.23,0,0,4,34.6,
3538709,251605,Assistente Social,245,236,227,3974.27,4189.15,4862.17,0,4,4,-7.3,
3538709,720215,Mestre (Indústria De Máquinas E Outros Equipamentos Mecânicos),186,197,187,5848.91,6717.17,8048.47,0,0,4,0.5,
3538709,510105,Supervisor De Transportes,94,96,158,3082.1,3850.8,4665.37,0,0,4,68.1,
3538709,131305,Diretor De Instituição Educacional Da Área Privada,96,99,138,5414.71,5551.34,10811.01,4,4,4,43.8,0.0
3538709,203125,Pesquisador Em Química,28,33,54,4368.82,5771.26,6547.78,0,0,4,92.9,
3538709,142510,Gerente De Desenvolvimento De Sistemas,17,22,28,8120.76,8785.79,9646.73,2,4,4,64.7,100.0
3538709,860110,"Supervisor De Operação De Fluidos (Distribuição, Captação, Tratamento De Água, Gases, Vapor)",9,20,25,6463.07,7329.67,8063.8,1,1,4,177.8,300.0
3538709,215305,Piloto De Aeronaves,13,17,20,12166.13,11827.41,11766.55,4,4,4,53.8,0.0
3538709,123405,Diretor De Suprimentos,8,19,17,15608.92,11285.28,12950.32,5,6,4,112.5,-20.0
3538709,515310,Agente De Ação Social,3,4,10,3548.31,5534.02,12988.23,0,0,4,233.3,
3538709,720160,Supervisor De Controle De Tratamento Térmico,7,7,7,11913.91,12829.7,13976.81,4,4,4,0.0,0.0
3538709,414105,Almoxarife,4545,4708,4709,2105.3,2257.95,2680.51,0,0,3,3.6,
3538709,715210,Pedreiro,1172,1483,1677,2157.61,2236.69,2609.79,0,0,3,43.1,
3538709,311105,Técnico Químico,362,360,372,3289.61,3506.59,4130.59,0,1,3,2.8,
3538709,212410,Analista De Redes E De Comunicação De Dados,178,158,202,4927.85,4209.42,5125.26,0,0,3,13.5,
3538709,141720,Gerente De Crédito E Cobrança,31,44,37,7020.85,7362.88,10476.98,0,0,3,19.4,
3538709,141115,Gerente De Produção E Operações Agropecuárias,20,23,25,8562.47,9996.69,10142.48,2,3,3,25.0,50.0
3538709,142110,Gerente De Riscos,11,31,24,6062.15,7467.74,7607.59,0,0,3,118.2,
3538709,202110,Engenheiro De Controle E Automação,26,14,22,8422.9,9229.71,9582.8,3,4,3,-15.4,0.0
3538709,122405,Diretor De Operações Comerciais (Comércio Atacadista E Varejista),7,8,8,13441.72,12337.54,52918.17,2,2,3,14.3,50.0
3538709,820210,Supervisor De Fabricação De Produtos De Vidro,6,5,6,6795.56,7204.76,30737.62,0,0,3,0.0,
3538709,252550,Profissional De Relações Com Investidores,4,5,5,10027.36,10855.32,16815.06,1,1,3,25.0,200.0
3538709,342610,Supervisor De Operações Portuárias,0,0,4,,,37321.82,0,0,3,,
3538709,354505,Corretor De Seguros,2,2,3,3195.7,3333.1,42704.13,0,0,3,50.0,
3538709,212425,Arquiteto De Soluções De Tecnologia Da Informação,0,0,3,,,14960.29,0,0,3,,
3538709,391210,Técnico De Garantia Da Qualidade,955,1008,1246,4000.22,4468.62,4897.91,0,0,2,30.5,
3538709,514325,Trabalhador Da Manutenção De Edificações,738,748,757,2433.57,2536.37,3486.48,0,0,2,2.6,
3538709,391115,Controlador De Entrada E Saída,600,590,571,2559.05,2843.77,3666.98,0,0,2,-4.8,
3538709,223605,Fisioterapeuta Geral,424,429,403,3475.22,3645.27,4401.3,0,0,2,-5.0,
3538709,910105,Encarregado De Manutenção Mecânica De Sistemas Operacionais,239,291,334,4735.99,5139.32,5418.98,0,0,2,39.7,
3538709,318610,Desenhista Projetista Mecânico,300,310,331,4940.61,5168.62,5913.43,0,2,2,10.3,
3538709,342110,Operador De Transporte Multimodal,76,167,196,2421.06,2006.65,2478.55,0,0,2,157.9,
3538709,730105,Supervisor De Montagem E Instalação Eletroeletrônica,61,56,74,6498.99,7175.24,7632.89,3,2,2,21.3,-33.3
3538709,862155,"Operador De Utilidade (Produção E Distribuição De Vapor, Gás, Óleo, Combustível, Energia, Oxigênio)",46,51,70,4476.87,4521.26,5676.55,0,0,2,52.2,
3538709,720110,Mestre De Caldeiraria,64,75,70,5384.16,5465.31,7483.82,0,0,2,9.4,
3538709,351115,Consultor Contábil (Técnico),48,48,52,7007.39,6979.53,8483.9,1,1,2,8.3,100.0
3538709,141305,Gerente De Produção E Operações Da Construção Civil E Obras Públicas,27,30,35,5427.39,5894.47,8521.83,0,0,2,29.6,
3538709,510310,Supervisor De Vigilantes,24,26,30,4810.39,5103.07,5501.94,2,2,2,25.0,0.0
3538709,630110,Supervisor Da Área Florestal,29,28,28,2770.26,3047.26,5464.95,0,0,2,-3.4,
3538709,213205,Químico,11,16,25,8984.84,7277.32,7802.24,4,4,2,127.3,-50.0
3538709,214505,Engenheiro Químico,13,12,16,8473.41,9435.68,8822.23,2,1,2,23.1,0.0
3538709,203105,Pesquisador Em Ciências Da Computação E Informática,6,4,15,2336.07,2322.19,5550.86,0,0,2,150.0,
3538709,715130,Operador De Motoniveladora,5,16,12,4231.71,3417.71,7841.23,0,0,2,140.0,
3538709,410220,Supervisor De Controle Patrimonial,7,7,10,7775.82,8711.58,12443.33,0,0,2,42.9,
3538709,131310,Diretor De Instituição Educacional Pública,9,9,9,5225.14,5741.5,6173.0,2,2,2,0.0,0.0
3538709,251230,Economista Ambiental,5,10,6,6370.13,7438.54,21091.63,0,0,2,20.0,
3538709,142525,Gerente De Segurança Da Informação,1,1,3,23595.74,19861.11,15686.07,1,1,2,200.0,100.0
3538709,201110,Biotecnologista,2,2,2,12325.24,15576.06,17344.97,0,2,2,0.0,
3538709,141735,Gerente De Recuperação De Crédito,0,0,2,,,29174.92,0,0,2,,
3538709,261310,Museólogo,1,1,2,17906.85,17918.32,15553.06,1,1,2,100.0,100.0
3538709,212205,Engenheiro De Aplicativos Em Computação,1,1,2,9760.72,15961.11,17695.01,0,1,2,100.0,
3538709,253220,Gerente De Grandes Contas (Corporate),2,2,2,4773.95,6631.35,86612.72,0,0,2,0.0,
3538709,331105,Professor De Nível Médio Na Educação Infantil,2078,2099,2162,4024.22,3995.29,4932.57,0,0,1,4.0,
3538709,223405,Farmacêutico,1131,1226,1231,4277.02,4327.4,8029.87,1,1,1,8.8,0.0
3538709,252405,Analista De Recursos Humanos,866,958,1144,3911.18,3849.1,4855.38,0,0,1,32.1,
3538709,514310,Auxiliar De Manutenção Predial,431,524,500,2646.78,2564.97,2696.74,0,0,1,16.0,
3538709,354120,Agente De Vendas De Serviços,366,327,487,3305.31,3580.14,3610.5,0,0,1,33.1,
3538709,252305,Secretária(O) Executiva(O),425,437,468,2441.33,2359.45,2752.43,0,0,1,10.1,
3538709,224120,Preparador Físico,375,380,440,1664.03,1836.2,2275.18,0,0,1,17.3,
3538709,313215,Técnico Eletrônico,372,330,433,3531.62,4099.61,4400.69,1,1,1,16.4,0.0
3538709,252705,Analista De Pcp (Programação E Controle Da Produção),131,222,294,4819.81,4632.09,6573.8,0,0,1,124.4,
3538709,317110,Desenvolvedor De Sistemas De Tecnologia Da Informação (Técnico),252,286,289,3403.42,3455.7,4206.6,0,1,1,14.7,
3538709,950110,"Supervisor De Manutenção Eletromecânica Industrial, Comercial E Predial",181,168,216,8646.27,8826.87,9746.29,2,0,1,19.3,-50.0
3538709,317210,Técnico De Suporte Ao Usuário De Tecnologia Da Informação,143,207,205,2249.87,2787.02,3179.13,0,0,1,43.4,
3538709,141420,Gerente De Operações De Serviços De Assistência Técnica,172,151,183,5186.33,6758.83,9126.32,0,0,1,6.4,
3538709,410205,Supervisor De Almoxarifado,204,167,145,4630.15,4764.9,4942.49,0,0,1,-28.9,
3538709,782115,Operador De Guindaste Móvel,45,49,79,2944.41,2908.96,3733.42,0,0,1,75.6,
3538709,342315,Supervisor De Carga E Descarga,96,72,60,3675.05,3770.87,4867.74,0,1,1,-37.5,
3538709,325015,Perfumista,59,63,53,2150.86,2340.41,4124.8,0,0,1,-10.2,
3538709,721115,Modelador De Metais (Fundição),29,34,45,3505.21,3269.17,3958.84,0,0,1,55.2,
3538709,241040,Consultor Jurídico,37,44,38,3650.52,3963.81,4888.39,0,0,1,2.7,
3538709,252605,Gestor Em Segurança,6,20,23,4585.97,4624.56,7719.49,0,0,1,283.3,
3538709,910115,"Supervisor De Manutenção De Bombas, Motores, Compressores E Equipamentos De Transmissão",21,21,22,4563.51,5302.43,6593.76,0,0,1,4.8,
3538709,142325,Relações Públicas,13,15,22,5010.14,5148.45,4924.01,1,1,1,69.2,0.0
3538709,214105,Arquiteto De Edificações,21,23,21,8679.97,7941.56,5602.87,6,5,1,0.0,-83.3
3538709,830105,"Mestre (Indústria De Celulose, Papel E Papelão)",23,21,21,7660.16,8678.42,9815.92,0,1,1,-8.7,
3538709,860105,Supervisor De Manutenção Eletromecânica (Utilidades),20,18,19,4884.32,5454.53,5950.61,0,0,1,-5.0,
3538709,214010,Tecnólogo Em Meio Ambiente,9,14,14,3310.75,8422.68,9347.8,1,1,1,55.6,0.0
3538709,252720,Analista De Projetos Logisticos,5,20,13,6159.34,6075.59,10261.41,0,0,1,160.0,
3538709,122105,Diretor De Produção E Operações Em Empresa Agropecuária,9,9,9,7138.97,7571.51,86915.72,1,1,1,0.0,0.0
3538709,251540,Psicólogo Do Trabalho,11,11,9,3689.66,2967.51,5149.36,0,0,1,-18.2,
3538709,318110,Desenhista Técnico (Cartografia),4,6,6,6010.88,4104.41,4477.94,1,1,1,50.0,0.0
3538709,123605,Diretor De Tecnologia Da Informação,17,8,5,4934.92,7138.6,9567.64,1,1,1,-70.6,0.0
3538709,123205,Diretor De Recursos Humanos,2,1,5,39721.53,56756.72,15413.5,2,1,1,150.0,-50.0
3538709,203225,"Pesquisador De Engenharia Metalúrgica, De Minas E De Materiais",0,2,5,,6650.0,12089.67,0,0,1,,
3538709,214260,Engenheiro Civil (Saneamento),5,4,4,7330.37,9379.13,10373.82,0,0,1,-20.0,
3538709,623415,Trabalhador Na Minhocultura,3,4,4,1326.05,1498.4,5740.7,0,0,1,33.3,
3538709,214110,Arquiteto De Interiores,4,4,4,8262.52,10786.1,8865.4,1,1,1,0.0,0.0
3538709,141725,Gerente De Crédito Imobiliário,6,3,3,2452.62,4702.76,25983.88,0,0,1,-50.0,
3538709,123310,Diretor De Marketing,4,3,3,25229.43,23025.92,24880.92,2,1,1,-25.0,-50.0
3538709,214125,Arquiteto Urbanista,4,2,2,6569.98,13549.45,18633.0,0,1,1,-50.0,
3538709,225305,Médico Citopatologista,1,1,1,13547.69,14440.25,15935.31,0,1,1,0.0,
3538709,214510,Engenheiro Químico (Indústria Química),1,1,1,22169.48,24095.21,27906.28,1,1,1,0.0,0.0
3552205,413225,Escriturário De Banco,700,670,649,8460.62,9042.53,26868.24,0,0,634,-7.3,
3552205,142605,Gerente De Pesquisa E Desenvolvimento (P&D),648,735,698,16504.79,17467.67,18957.39,476,554,612,7.7,28.6
3552205,142105,Gerente Administrativo,3931,4207,4304,5500.88,5696.1,7844.46,399,444,591,9.5,48.1
3552205,141205,Gerente De Produção E Operações,1350,1308,1492,11260.14,11547.85,12769.81,445,435,509,10.5,14.4
3552205,142320,Gerente De Vendas,1903,2176,2068,8153.16,9311.83,11997.99,358,406,478,8.7,33.5
3552205,225125,Médico Clínico,658,730,636,11347.67,11327.49,14094.99,1,4,435,-3.3,43400.0
3552205,141415,Gerente De Loja E Supermercado,2155,2253,2405,3459.95,3698.96,7859.76,0,0,399,11.6,
3552205,142305,Gerente Comercial,2374,2574,2596,5119.27,5570.29,7948.69,156,164,326,9.4,109.0
3552205,142705,Gerente De Projetos E Serviços De Manutenção,390,461,554,11492.77,11536.48,16004.94,116,186,317,42.1,173.3
3552205,410105,Supervisor Administrativo,4520,4792,5437,3695.36,4040.8,6300.75,13,93,275,20.3,2015.4
3552205,253215,Gerente De Contas - Pessoa Física E Jurídica,332,411,470,6215.57,6842.22,18301.61,0,0,258,41.6,
3552205,252105,Administrador,2436,3013,3090,5036.79,5741.0,7349.57,17,2,255,26.8,1400.0
3552205,214905,Engenheiro De Produção,736,804,652,9200.62,10805.6,12980.62,11,248,206,-11.4,1772.7
3552205,222110,Engenheiro Agrônomo,203,206,212,13215.25,14607.87,14922.95,2,201,202,4.4,10000.0
3552205,123305,Diretor Comercial,169,182,191,21856.38,24773.31,32582.65,92,106,139,13.0,51.1
3552205,214910,Engenheiro De Controle De Qualidade,344,388,310,9529.31,10747.89,14953.23,16,90,137,-9.9,756.3
3552205,314840,Inspetor De Manutenção,0,3,132,,18009.97,22067.74,0,3,132,,
3552205,203210,Pesquisador De Engenharia E Tecnologia (Outras Áreas Da Engenharia),58,57,164,7235.02,10868.08,14765.12,13,17,131,182.8,907.7
3552205,214330,Engenheiro Eletrônico De Projetos,32,168,129,12590.36,14649.4,15566.01,5,165,128,303.1,2460.0
3552205,123105,Diretor Administrativo,224,199,193,9469.14,17553.49,28128.8,53,85,123,-13.8,132.1
3552205,239410,Orientador Educacional,402,426,575,4290.86,4412.74,6891.59,0,0,120,43.0,
3552205,214405,Engenheiro Mecânico,265,359,358,9204.29,12652.3,12013.48,46,106,116,35.1,152.2
3552205,223208,Cirurgião Dentista - Clínico Geral,184,174,190,9879.4,10109.79,11665.91,0,0,110,3.3,
3552205,141710,Gerente De Agência,97,109,118,9161.86,10592.89,44026.44,0,0,110,21.6,
3552205,142205,Gerente De Recursos Humanos,348,414,423,9415.3,10282.38,10958.71,91,133,108,21.6,18.7
3552205,212405,Analista De Desenvolvimento De Sistemas,1230,1729,1667,6083.26,7029.55,8100.59,6,87,104,35.5,1633.3
3552205,141615,Gerente De Logística (Armazenagem E Distribuição),530,467,571,5439.03,6254.27,9036.95,36,50,102,7.7,183.3
3552205,214410,Engenheiro Mecânico Automotivo,1,79,105,3168.63,15986.51,16357.83,0,72,102,10400.0,
3552205,214310,Engenheiro Eletrônico,167,119,215,13828.63,15455.29,14017.96,18,106,99,28.7,450.0
3552205,142315,Gerente De Marketing,341,370,341,7924.15,8108.18,13383.59,51,53,86,0.0,68.6
3552205,142115,Gerente Financeiro,469,614,654,6048.55,6809.44,7025.21,44,64,83,39.4,88.6
3552205,351605,Técnico Em Segurança Do Trabalho,1182,1297,1524,4248.51,4533.06,5835.22,0,0,82,28.9,
3552205,141420,Gerente De Operações De Serviços De Assistência Técnica,347,427,457,7123.96,8250.56,10445.94,50,49,79,31.7,58.0
3552205,521115,Promotor De Vendas,1386,1360,1624,2858.94,3300.82,3577.3,67,62,76,17.2,13.4
3552205,142520,Gerente De Projetos De Tecnologia Da Informação,75,135,157,13042.26,12539.87,13962.53,10,18,75,109.3,650.0
3552205,252305,Secretária(O) Executiva(O),686,810,809,2995.34,5392.34,7549.85,0,42,74,17.9,
3552205,214420,Engenheiro Mecânico Industrial,77,81,107,12101.25,13291.78,14580.61,26,44,74,39.0,184.6
3552205,241005,Advogado,297,342,347,8022.52,7596.51,9248.37,63,63,71,16.8,12.7
3552205,354130,Promotor De Vendas Especializado,358,397,413,5322.69,5605.95,6645.42,38,33,69,15.4,81.6
3552205,121010,Diretor Geral De Empresa E Organizações (Exceto De Interesse Público),346,321,329,13808.08,14982.71,20653.39,64,72,68,-4.9,6.3
3552205,142405,Gerente De Compras,192,193,210,9108.34,12332.62,10840.16,55,85,68,9.4,23.6
3552205,142410,Gerente De Suprimentos,79,84,131,13283.7,14387.54,14979.98,32,39,68,65.8,112.5
3552205,212315,Administrador De Sistemas Operacionais,183,140,155,7730.86,10707.91,11574.13,52,53,67,-15.3,28.8
3552205,252210,Contador,1721,1887,1814,6154.44,6557.21,6578.84,24,44,63,5.4,162.5
3552205,141605,Gerente De Operações De Transportes,153,139,137,4930.36,5679.63,12675.78,5,8,63,-10.5,1160.0
3552205,520110,Supervisor De Vendas Comercial,1892,2142,2343,4755.99,4636.24,6145.71,34,35,61,23.8,79.4
3552205,214205,Engenheiro Civil,224,227,244,9183.42,9612.91,11427.55,28,55,59,8.9,110.7
3552205,123705,Diretor De Pesquisa E Desenvolvimento (P&D),54,62,66,36985.28,40486.23,43711.97,46,54,59,22.2,28.3
3552205,331105,Professor De Nível Médio Na Educação Infantil,83,144,167,2039.85,2346.1,7397.01,0,0,57,101.2,
3552205,253210,Gerente De Clientes Especiais (Private),67,69,64,9160.29,11947.99,18767.26,27,32,55,-4.5,103.7
3552205,252205,Auditor (Contadores E Afins),103,120,135,8506.64,9044.43,9446.97,3,14,53,31.1,1666.7
3552205,354210,Supervisor De Compras,119,114,154,6646.44,6968.74,14653.59,2,13,51,29.4,2450.0
3552205,212425,Arquiteto De Soluções De Tecnologia Da Informação,0,34,66,,10885.06,15002.87,0,1,51,,
3552205,214315,Engenheiro Eletricista De Manutenção,18,17,60,6070.21,8286.21,29295.48,2,1,46,233.3,2200.0
3552205,142335,Analista De Pesquisa De Mercado,697,1109,967,3379.79,3587.75,5009.39,0,9,45,38.7,
3552205,141410,Comerciante Varejista,641,734,855,3035.76,2993.2,7836.26,0,0,43,33.4,
3552205,410240,Supervisor De Logística,238,289,487,5019.32,6535.38,6555.98,0,0,39,104.6,
3552205,313315,Técnico De Telecomunicações (Telefonia),138,160,145,3299.57,3889.13,7530.64,0,0,36,5.1,
3552205,225140,Médico Do Trabalho,73,96,93,10656.05,10307.59,14617.86,8,10,36,27.4,350.0
3552205,950110,"Supervisor De Manutenção Eletromecânica Industrial, Comercial E Predial",160,129,180,6620.98,6915.67,9963.54,4,13,35,12.5,775.0
3552205,410205,Supervisor De Almoxarifado,659,806,815,5564.73,5787.37,5977.66,0,48,33,23.7,
3552205,313115,"Eletrotécnico Na Fabricação, Montagem E Instalação De Máquinas E Equipamentos",204,273,280,4170.99,6305.23,6318.92,2,26,33,37.3,1550.0
3552205,122205,"Diretor De Produção E Operações Da Indústria De Transformação, Extração Mineral E Utilidades",34,44,38,47672.21,61458.93,57401.16,29,39,31,11.8,6.9
3552205,313320,Técnico De Transmissão (Telecomunicações),4,34,35,3320.22,12827.97,13823.32,0,30,30,775.0,
3552205,314410,Técnico Em Manutenção De Máquinas,903,682,741,2890.52,5048.71,6264.2,0,0,29,-17.9,
3552205,231205,Professor Da  Educação De Jovens E Adultos Do Ensino Fundamental (Primeira A Quarta Série),2059,2220,2336,6488.25,6402.49,8564.93,0,0,28,13.5,
3552205,413105,Analista De Folha De Pagamento,294,374,420,3343.29,3384.39,4535.18,0,0,28,42.9,
3552205,415210,Operador De Triagem E Transbordo,36,29,32,3091.24,3810.22,19101.37,0,0,28,-11.1,
3552205,410235,Supervisor De Tesouraria,178,176,237,7468.91,7850.62,7811.11,25,34,27,33.1,8.0
3552205,241010,Advogado De Empresa,81,74,56,9458.09,9404.67,19989.19,15,10,27,-30.9,80.0
3552205,223240,Cirurgião Dentista - Ortopedista E Ortodontista,27,27,27,12481.66,12691.63,14030.16,0,0,27,0.0,
3552205,312105,Técnico De Obras Civis,442,519,421,4701.43,5326.2,4792.39,84,102,26,-4.8,-69.0
3552205,239430,Supervisor De Ensino,80,44,37,5408.86,8936.89,14167.46,0,0,26,-53.8,
3552205,142330,Analista De Negócios,627,1266,1239,3504.17,5551.52,5828.45,1,0,25,97.6,2400.0
3552205,123110,Diretor Administrativo E Financeiro,60,61,57,14316.41,13959.46,21094.61,16,18,25,-5.0,56.3
3552205,142325,Relações Públicas,30,45,56,4162.21,6505.43,12033.56,0,0,25,86.7,
3552205,950305,Supervisor De Manutenção Eletromecânica,118,109,96,8009.07,9257.18,14260.77,6,21,24,-18.6,300.0
3552205,142515,Gerente De Operação De Tecnologia Da Informação,39,87,76,12817.57,10698.45,11445.84,8,20,24,94.9,200.0
3552205,141705,Gerente De Produtos Bancários,25,40,32,13107.7,12332.52,19318.29,6,8,24,28.0,300.0
3552205,820105,Mestre De Siderurgia,84,33,32,9439.23,12611.84,14065.22,9,19,24,-61.9,166.7
3552205,142415,Gerente De Almoxarifado,88,88,113,5548.32,6377.69,6656.06,17,19,23,28.4,35.3
3552205,760605,Supervisor Das Artes Gráficas  (Indústria Editorial E Gráfica),27,32,46,6040.94,6685.5,10237.48,0,0,23,70.4,
3552205,910105,Encarregado De Manutenção Mecânica De Sistemas Operacionais,523,562,627,4554.99,4756.42,6065.73,21,26,22,19.9,4.8
3552205,234515,Professor De Ensino Superior Na Área De Pesquisa Educacional,56,56,57,8740.66,9198.66,11467.77,20,20,21,1.8,5.0
3552205,354135,Técnico De Vendas,479,469,613,4834.23,5399.86,7146.55,27,23,20,28.0,-25.9
3552205,730105,Supervisor De Montagem E Instalação Eletroeletrônica,207,218,197,6084.21,6412.29,7187.05,0,22,20,-4.8,
3552205,142505,Gerente De Infraestrutura De Tecnologia Da Informação,75,94,96,10266.84,10349.73,11265.0,22,18,20,28.0,-9.1
3552205,252545,Analista Financeiro (Instituições Financeiras),664,791,960,3636.73,3505.07,4709.71,0,0,19,44.6,
3552205,410230,Supervisor De Orçamento,88,47,123,3624.61,11443.95,6224.56,1,16,19,39.8,1800.0
3552205,234510,Professor De Ensino Superior Na Área De Orientação Educacional,17,17,19,14484.37,14241.24,16566.18,17,17,19,11.8,11.8
3552205,252405,Analista De Recursos Humanos,1367,1597,1804,4013.65,4360.95,4680.31,18,18,18,32.0,0.0
3552205,313105,Eletrotécnico,150,137,193,7076.25,4273.34,6658.14,0,0,18,28.7,
3552205,241040,Consultor Jurídico,64,74,81,8777.69,7894.69,9576.58,17,17,18,26.6,5.9
3552205,203220,Pesquisador De Engenharia Mecânica,24,22,58,9204.64,11066.08,12390.53,0,2,18,141.7,
3552205,203320,Pesquisador Em Saúde Coletiva,18,19,25,5620.4,7541.42,16684.74,0,0,18,38.9,
3552205,123115,Diretor Financeiro,55,55,71,15611.45,14601.27,12786.08,18,15,17,29.1,-5.6
3552205,373140,Coordenador De Programação,16,27,26,10287.24,10057.9,10707.31,0,0,17,62.5,
3552205,123205,Diretor De Recursos Humanos,33,25,25,22084.53,27554.31,31022.84,19,17,17,-24.2,-10.5
3552205,520105,Supervisor De Vendas De Serviços,266,281,269,3789.79,4065.15,6449.69,4,6,16,1.1,300.0
3552205,214305,Engenheiro Eletricista,106,94,105,7034.47,8338.09,7997.19,4,5,16,-0.9,300.0
3552205,317110,Desenvolvedor De Sistemas De Tecnologia Da Informação (Técnico),404,456,449,3192.61,3921.29,4859.53,1,1,15,11.1,1400.0
3552205,313130,Técnico Eletricista,459,273,291,3323.51,4032.19,4626.4,0,0,15,-36.6,
3552205,123605,Diretor De Tecnologia Da Informação,12,45,26,16986.79,8778.94,16015.91,8,12,15,116.7,87.5
3552205,353235,Chefe De Serviços Bancários,0,17,15,,5025.28,21471.98,0,0,15,,
3552205,910130,Supervisor De Manutenção De Máquinas Operatrizes E De Usinagem,38,58,59,10993.95,9536.44,9815.35,12,13,14,55.3,16.7
3552205,214435,Tecnólogo Em Fabricação Mecânica,27,26,51,9162.84,9939.99,7372.68,0,6,14,88.9,
3552205,214005,Engenheiro Ambiental,37,45,75,8472.59,11528.37,9338.4,2,14,13,102.7,550.0
3552205,212205,Engenheiro De Aplicativos Em Computação,27,52,21,11390.26,10470.5,11802.35,2,2,13,-22.2,550.0
3552205,214340,Engenheiro De Telecomunicações,30,25,18,25026.69,22618.99,53525.77,23,19,13,-40.0,-43.5
3552205,411010,Assistente Administrativo,18425,19472,20803,2096.79,2183.81,2569.49,0,0,12,12.9,
3552205,354125,Assistente De Vendas,3840,4807,5192,2217.52,2304.74,2649.39,2,2,12,35.2,500.0
3552205,710205,Mestre (Construção Civil),826,976,901,3447.91,3584.85,5116.94,0,0,12,9.1,
3552205,354140,Técnico Em Atendimento E Vendas,265,367,392,3947.46,3545.31,4526.18,0,4,12,47.9,
3552205,142310,Gerente De Comunicação,94,84,100,3826.3,8457.01,7568.65,1,12,12,6.4,1100.0
3552205,214915,Engenheiro De Segurança Do Trabalho,70,63,65,7730.33,9075.99,11136.65,2,2,12,-7.1,500.0
3552205,715415,Operador De Central De Concreto,37,38,56,2250.76,2855.33,7682.25,0,0,12,51.4,
3552205,141720,Gerente De Crédito E Cobrança,59,53,24,5160.26,7027.91,14340.3,3,3,12,-59.3,300.0
3552205,203505,Pesquisador Em Ciências Sociais E Humanas,12,12,12,9860.16,10298.54,18713.56,0,0,12,0.0,
3552205,212420,Analista De Suporte Computacional,956,1175,1402,4084.37,4073.35,4774.05,0,24,11,46.7,
3552205,131305,Diretor De Instituição Educacional Da Área Privada,164,154,162,4824.57,5625.6,8114.46,2,11,11,-1.2,450.0
3552205,142510,Gerente De Desenvolvimento De Sistemas,36,68,84,8122.16,9365.8,11404.56,6,4,11,133.3,83.3
3552205,123310,Diretor De Marketing,16,18,23,17635.37,15386.49,16596.43,6,7,11,43.8,83.3
3552205,121005,Diretor De Planejamento Estratégico,24,21,17,13717.08,15686.05,13221.4,6,6,11,-29.2,83.3
3552205,951105,Eletricista De Manutenção Eletroeletrônica,1116,1196,1284,3974.86,4255.75,4716.11,0,0,10,15.1,
3552205,395105,Técnico De Apoio Em Pesquisa E Desenvolvimento (Exceto Agropecuário E Florestal),665,562,622,6465.16,7233.57,7780.76,0,13,10,-6.5,
3552205,141305,Gerente De Produção E Operações Da Construção Civil E Obras Públicas,176,197,192,6282.82,6879.12,7780.79,14,11,10,9.1,-28.6
3552205,202110,Engenheiro De Controle E Automação,172,119,127,8673.15,10571.66,12261.35,2,1,10,-26.2,400.0
3552205,142530,Gerente De Suporte Técnico De Tecnologia Da Informação,83,82,80,7565.39,6917.36,7778.09,9,4,10,-3.6,11.1
3552205,131205,Diretor De Serviços De Saúde,36,48,21,10027.54,12791.39,16679.89,2,19,10,-41.7,400.0
3552205,351110,Chefe De Contabilidade (Técnico),25,17,13,9938.9,12825.25,18693.23,7,8,10,-48.0,42.9
3552205,391205,Inspetor De Qualidade,2766,2963,3145,3570.23,4039.35,4232.14,2,6,9,13.7,350.0
3552205,354205,Comprador,1430,1760,1983,3911.66,4665.06,5081.93,1,1,9,38.7,800.0
3552205,715615,Eletricista De Instalações,2066,2315,1423,2364.59,2520.48,3273.12,0,0,9,-31.1,
3552205,342125,Tecnólogo Em Logística De Transporte,874,1162,1308,2993.28,3690.02,4328.46,0,0,9,49.7,
3552205,391135,Técnico De Matéria-Prima E Material,234,269,208,6753.75,6028.22,6351.01,0,0,9,-11.1,
3552205,352310,Agente Fiscal De Qualidade,75,83,177,3301.52,3393.38,5882.46,0,0,9,136.0,
3552205,413205,Atendente De Agência,246,157,176,2426.98,2571.12,5616.67,0,0,9,-28.5,
3552205,950105,Supervisor De Manutenção Elétrica De Alta Tensão Industrial,65,49,58,6183.93,6740.54,9036.8,9,9,9,-10.8,0.0
3552205,215305,Piloto De Aeronaves,51,43,37,13770.55,13024.87,15330.69,9,9,9,-27.5,0.0
3552205,860110,"Supervisor De Operação De Fluidos (Distribuição, Captação, Tratamento De Água, Gases, Vapor)",31,21,31,6413.48,8670.75,11311.26,0,0,9,0.0,
3552205,724130,Instalador De Tubulações De Gás Combustível (Produção E Distribuição),12,14,25,2621.17,2141.46,6336.01,0,0,9,108.3,
3552205,122405,Diretor De Operações Comerciais (Comércio Atacadista E Varejista),32,27,17,15306.78,11535.55,35720.15,12,8,9,-46.9,-25.0
3552205,214370,Tecnólogo Em Telecomunicações,17,12,16,19495.11,19735.85,16548.47,16,6,9,-5.9,-43.8
3552205,142525,Gerente De Segurança Da Informação,6,9,12,23811.85,19638.16,25955.28,6,6,9,100.0,50.0
3552205,214280,Tecnólogo Em Construção Civil,10,8,10,10652.89,13569.15,14570.32,0,2,9,0.0,
3552205,414105,Almoxarife,9373,9315,9802,2131.59,2355.2,2635.16,0,0,8,4.6,
3552205,251215,Economista Financeiro,253,292,275,4580.78,4516.75,5267.93,3,4,8,8.7,166.7
3552205,142210,Gerente De Departamento Pessoal,206,222,240,4237.98,4794.62,5214.39,10,10,8,16.5,-20.0
3552205,413210,Caixa De Banco,123,228,231,2576.94,2886.38,7188.09,0,0,8,87.8,
3552205,223545,Enfermeiro Obstétrico,60,62,79,5494.95,5794.43,9129.29,0,0,8,31.7,
3552205,214320,Engenheiro Eletricista De Projetos,19,45,22,11731.19,5988.39,11793.51,3,3,8,15.8,166.7
3552205,313120,Técnico De Manutenção Elétrica,315,360,350,3525.79,4125.09,4975.65,0,0,7,11.1,
3552205,414115,Balanceiro,76,76,94,2264.07,2573.4,3509.37,0,0,7,23.7,
3552205,311505,Técnico De Controle De Meio Ambiente,58,57,76,6207.5,6363.89,5802.91,0,0,7,31.0,
3552205,860105,Supervisor De Manutenção Eletromecânica (Utilidades),31,20,33,5950.62,8945.14,9444.07,3,7,7,6.5,133.3
3552205,142110,Gerente De Riscos,38,41,29,9301.59,7544.81,16678.85,0,2,7,-23.7,
3552205,820125,Mestre De Laminação,26,24,11,4666.94,6195.95,13048.77,0,0,7,-57.7,
3552205,122705,Diretor Comercial Em Operações De Intermediação Financeira,21,7,8,10400.15,25136.24,189417.2,3,7,7,-61.9,133.3
3552205,203405,Pesquisador Em Ciências Agronômicas,0,0,7,,,30640.05,0,0,7,,
3552205,784105,"Embalador, A Mão",2028,1979,2410,1428.75,1482.42,1746.89,0,0,6,18.8,
3552205,813125,"Operador De Produção (Química, Petroquímica E Afins)",1972,1539,1629,2832.97,3374.21,3880.24,0,0,6,-17.4,
3552205,314110,Técnico Mecânico,602,735,882,3787.77,4023.49,4234.81,0,7,6,46.5,
3552205,317210,Técnico De Suporte Ao Usuário De Tecnologia Da Informação,266,537,604,2433.84,2556.1,3369.8,3,3,6,127.1,100.0
3552205,313310,Técnico De Rede (Telecomunicações),297,370,243,3224.31,3265.46,4167.65,0,0,6,-18.2,
3552205,511215,Cobrador De Transportes Coletivos (Exceto Trem),333,180,146,1951.62,2517.67,3868.11,0,0,6,-56.2,
3552205,780105,Supervisor De Embalagem E Etiquetagem,53,64,71,3769.02,4052.73,4506.82,0,0,6,34.0,
3552205,766220,Impressor De Rotativa,52,31,65,1675.34,2142.98,6031.54,0,0,6,25.0,
3552205,766125,Montador De Fotolito (Analógico E Digital),23,17,29,2284.59,2711.36,5770.5,0,0,6,26.1,
3552205,710220,Supervisor De Usina De Concreto,42,47,28,5262.24,5088.7,6914.03,0,0,6,-33.3,
3552205,123405,Diretor De Suprimentos,13,14,15,25951.4,27155.73,21604.58,7,7,6,15.4,-14.3
3552205,391230,Técnico Operacional De Serviços De Correios,4,4,7,8022.99,8018.81,15855.53,0,0,6,75.0,
3552205,521110,Vendedor De Comércio Varejista,23360,24180,24396,2207.57,2474.03,2949.95,3,2,5,4.4,66.7
3552205,413110,Auxiliar De Contabilidade,2081,2267,2453,2248.15,2412.13,2610.23,0,0,5,17.9,
3552205,413115,Auxiliar De Faturamento,1600,1830,1725,1912.57,2238.88,2584.87,0,0,5,7.8,
3552205,131210,Gerente De Serviços De Saúde,588,606,681,6323.34,6671.73,8340.21,0,3,5,15.8,
3552205,391215,Operador De Inspeção De Qualidade,1331,589,628,1732.0,2357.15,2876.22,0,0,5,-52.8,
3552205,720215,Mestre (Indústria De Máquinas E Outros Equipamentos Mecânicos),518,558,559,8089.72,8921.85,9934.04,25,1,5,7.9,-80.0
3552205,731135,Montador De Equipamentos Elétricos,129,176,169,2612.14,2635.12,2748.4,0,0,5,31.0,
3552205,223905,Terapeuta Ocupacional,113,114,147,3204.8,3219.37,4642.28,0,0,5,30.1,
3552205,410215,Supervisor De Contas A Pagar,60,95,79,4382.22,4450.48,4884.94,0,7,5,31.7,
3552205,214105,Arquiteto De Edificações,34,61,51,7656.37,5905.84,11369.64,4,3,5,50.0,25.0
3552205,202105,Engenheiro Mecatrônico,7,23,10,11231.8,6415.07,12193.32,0,3,5,42.9,
3552205,213405,Geólogo,5,5,7,16365.24,18777.05,19382.2,5,5,5,40.0,0.0
3552205,253205,Gerente De Captação (Fundos E Investimentos Institucionais),4,7,7,11399.24,15305.79,18355.89,1,3,5,75.0,400.0
3552205,214260,Engenheiro Civil (Saneamento),6,6,6,10099.52,10112.91,13302.22,0,0,5,0.0,
3552205,241225,Procurador Do Município,0,5,5,,22156.22,26903.0,0,5,5,,
3552205,715210,Pedreiro,2282,2732,3214,2079.83,2082.88,2849.99,0,0,4,40.8,
3552205,391125,Técnico De Planejamento De Produção,1925,2915,2257,5150.09,5495.22,5872.5,2,0,4,17.2,100.0
3552205,141510,Gerente De Restaurante,1141,1231,1329,2837.74,3234.31,5667.12,0,0,4,16.5,
3552205,524105,Vendedor Em Domicílio,743,782,991,2907.64,3201.66,3309.14,0,1,4,33.4,
3552205,318610,Desenhista Projetista Mecânico,411,509,410,7273.41,6945.55,7235.41,2,5,4,-0.2,100.0
3552205,391105,Cronoanalista,92,92,166,4767.9,4515.63,5552.86,0,0,4,80.4,
3552205,766235,Impressor Flexográfico,45,42,82,3076.39,3525.35,4544.49,0,0,4,82.2,
3552205,351730,Inspetor De Sinistros,64,92,66,2171.47,2091.4,3433.8,0,0,4,3.1,
3552205,203125,Pesquisador Em Química,47,59,56,5276.21,6188.17,6934.77,0,0,4,19.1,
3552205,111410,Dirigente Do Serviço Público Estadual E Distrital,31,40,38,4995.05,7234.43,7378.76,0,4,4,22.6,
3552205,214610,Engenheiro Metalurgista,99,57,27,19477.54,10275.34,9434.12,46,1,4,-72.7,-91.3
3552205,122615,Diretor De Operações De Serviços De Telecomunicações,17,14,20,2910.36,3251.73,6219.72,0,0,4,17.6,
3552205,123805,Diretor De Manutenção,19,9,20,18318.31,34696.64,15526.09,7,5,4,5.3,-42.9
3552205,262230,Diretor De Produção,4,9,11,3044.56,9671.31,14020.77,0,2,4,175.0,
3552205,214925,Engenheiro De Tempos E Movimentos,5,5,5,14040.54,14760.01,16904.52,4,4,4,0.0,0.0
3552205,214215,Engenheiro Civil (Edificações),2,3,5,4194.64,7364.39,25915.33,0,0,4,150.0,
3552205,342610,Supervisor De Operações Portuárias,5,27,5,6453.14,4365.5,13206.74,0,0,4,0.0,
3552205,261605,Editor De Jornal,15,4,4,3655.21,7028.1,92463.86,0,0,4,-73.3,
3552205,784205,Alimentador De Linha De Produção,22497,23245,24789,2045.19,2198.29,2442.62,0,0,3,10.2,
3552205,391210,Técnico De Garantia Da Qualidade,1606,1696,1928,3850.45,4219.91,5307.99,1,1,3,20.0,200.0
3552205,420135,Supervisor De Telemarketing E Atendimento,565,505,879,2523.76,2981.36,3062.53,0,2,3,55.6,
3552205,811770,Moldador De Plástico Por Injeção,598,688,761,2260.0,2905.56,3310.51,0,0,3,27.3,
3552205,510310,Supervisor De Vigilantes,483,491,503,5867.28,5786.25,7034.95,3,3,3,4.1,0.0
3552205,914105,"Mecânico De Manutenção De Aeronaves, Em Geral",327,282,314,5178.99,5826.8,5580.6,3,3,3,-4.0,0.0
3552205,223810,Fonoaudiólogo Geral,215,269,268,3787.41,3686.95,4517.84,0,0,3,24.7,
3552205,252525,Analista De Crédito (Instituições Financeiras),146,183,222,3557.25,2927.6,4027.29,0,0,3,52.1,
3552205,213205,Químico,80,89,74,7237.27,7242.22,9190.21,0,0,3,-7.5,
3552205,766120,Editor De Texto E Imagem,96,91,68,1977.89,2212.54,5369.39,0,0,3,-29.2,
3552205,318015,Desenhista Detalhista,75,55,59,2134.5,2683.95,3608.69,0,0,3,-21.3,
3552205,212320,Administrador Em Segurança Da Informação,49,47,40,6396.58,5248.79,8105.64,0,0,3,-18.4,
3552205,131115,Gerente De Serviços Culturais,37,32,36,5043.39,4847.61,4678.28,6,3,3,-2.7,-50.0
3552205,910210,Supervisor Da Manutenção E Reparação De Veículos Pesados,45,44,34,6201.97,6350.62,7386.47,0,0,3,-24.4,
3552205,377130,Jóquei,0,10,33,,1749.67,3150.46,0,0,3,,
3552205,810105,Mestre (Indústria Petroquímica E Carboquímica),4,27,30,10348.38,5046.24,7307.22,0,0,3,650.0,
3552205,203105,Pesquisador Em Ciências Da Computação E Informática,1,19,21,6136.54,4450.2,8720.94,0,0,3,2000.0,
3552205,412120,Supervisor De Digitação E Operação,18,17,14,6363.09,9302.8,6888.06,5,7,3,-22.2,-40.0
3552205,214425,Engenheiro Aeronáutico,13,15,12,12969.43,13651.73,14625.54,3,3,3,-7.7,0.0
3552205,122505,Diretor De  Produção E Operações De Alimentação,8,10,6,11205.82,11216.15,19552.77,3,3,3,-25.0,0.0
3552205,141735,Gerente De Recuperação De Crédito,1,1,4,5240.14,5447.55,18406.28,0,0,3,300.0,
3552205,314715,Técnico De Fundição Em Siderurgia,5,4,3,11007.19,10156.12,16174.36,1,0,3,-40.0,200.0
3552205,910120,Supervisor De Manutenção De Máquinas Gráficas,2,4,3,6979.81,10240.9,23545.22,0,0,3,50.0,
3552205,766210,Impressor Calcográfico,0,0,3,,,15807.83,0,0,3,,
3552205,141105,Gerente De Produção E Operações  Aqüícolas,0,0,3,,,26882.15,0,0,3,,
3552205,514310,Auxiliar De Manutenção Predial,1483,1781,1859,1618.22,1757.05,2051.45,0,0,2,25.4,
3552205,354145,Vendedor Pracista,1670,1634,1636,4441.08,4750.03,5268.35,0,0,2,-2.0,
3552205,421310,Cobrador Interno,789,916,904,1403.13,1453.78,1589.44,0,0,2,14.6,
3552205,313215,Técnico Eletrônico,1753,1001,890,3135.29,4080.78,4988.22,2,2,2,-49.2,0.0
3552205,721405,Operador De Centro De Usinagem Com Comando Numérico,272,310,453,3601.19,3922.25,3966.21,0,0,2,66.5,
3552205,354305,Analista De Exportação E Importação,308,511,409,5495.7,5395.45,6582.05,1,2,2,32.8,100.0
3552205,517110,Bombeiro Civil,457,324,397,3540.6,4546.53,4179.87,0,0,2,-13.1,
3552205,351430,Auxiliar De Serviços Jurídicos,117,144,165,1869.01,1862.87,2470.67,0,0,2,41.0,
3552205,223305,Médico Veterinário,74,91,103,6388.41,6715.94,7004.47,2,2,2,39.2,0.0
3552205,354820,Organizador De Evento,44,53,84,2698.16,2602.34,3329.09,0,0,2,90.9,
3552205,253140,Agenciador De Propaganda,53,38,68,2315.42,2383.03,4406.9,0,0,2,28.3,
3552205,261135,Repórter (Exclusive Rádio E Televisão),36,33,46,4305.96,4519.91,5692.98,0,0,2,27.8,
3552205,212310,Administrador De Redes,45,31,44,3708.11,4031.93,5120.43,0,0,2,-2.2,
3552205,412110,Digitador,44,61,39,2998.56,2348.72,2900.5,0,0,2,-11.4,
3552205,212305,Administrador De Banco De Dados,18,23,36,5373.23,5655.16,4029.83,0,2,2,100.0,
3552205,141405,Comerciante Atacadista,68,38,33,4072.1,3621.31,4978.99,4,2,2,-51.5,-50.0
3552205,213210,Químico Industrial,17,10,15,6326.77,8834.91,6946.29,0,4,2,-11.8,
3552205,717010,Operador De Martelete,12,15,14,2069.18,1594.85,3659.73,0,0,2,16.7,
3552205,131310,Diretor De Instituição Educacional Pública,9,14,13,3835.14,2947.28,6147.78,0,0,2,44.4,
3552205,141715,Gerente De Câmbio E Comércio Exterior,6,7,8,9980.98,11184.39,12399.33,0,2,2,33.3,
3552205,811005,Operador De Processos Químicos E Petroquímicos,12,5,8,5151.93,8796.11,7405.54,2,2,2,-33.3,0.0
3552205,122725,Diretor De Compliance,1,12,8,46077.31,6232.63,11575.38,1,1,2,700.0,100.0
3552205,214350,Engenheiro De Redes De Comunicação,0,5,5,,7582.0,10185.38,0,0,2,,
3552205,142350,Profissonal De Relações Internacionais,2,0,3,5827.77,,26358.33,0,0,2,50.0,
3552205,318310,"Desenhista Técnico (Calefação, Ventilação E Refrigeração)",8,2,2,6306.62,13579.77,15167.08,0,0,2,-75.0,
3552205,342540,Supervisor Da Administração De Aeroportos,0,0,2,,,29362.62,0,0,2,,
3552205,721210,Operador De Máquinas Operatrizes,4257,4602,4566,3039.86,3245.85,3532.7,0,0,1,7.3,
3552205,724315,Soldador,2987,4473,4233,2767.94,3260.66,3874.6,0,0,1,41.7,
3552205,782305,Motorista De Carro De Passeio,1541,1639,1862,2098.6,2492.44,2948.82,0,0,1,20.8,
3552205,848310,Confeiteiro,742,856,885,1849.1,1983.34,2286.21,0,0,1,19.3,
3552205,233210,Instrutor De Aprendizagem E Treinamento Industrial,655,627,879,4204.5,5306.13,6789.81,3,0,1,34.2,-66.7
3552205,354120,Agente De Vendas De Serviços,334,382,515,2707.47,2883.14,3842.42,0,0,1,54.2,
3552205,715305,Armador De Estrutura De Concreto,340,435,472,1996.86,2044.05,2700.49,0,0,1,38.8,
3552205,239405,Coordenador Pedagógico,427,423,431,4039.61,4662.75,6602.11,0,0,1,0.9,
3552205,514120,Zelador De Edifício,393,369,382,2185.66,2177.65,2379.98,0,0,1,-2.8,
3552205,314120,Técnico Mecânico (Máquinas),359,317,367,3937.47,4467.65,5212.32,0,0,1,2.2,
3552205,313220,Técnico Em Manutenção De Equipamentos De Informática,306,344,363,1865.37,2007.33,2475.25,0,0,1,18.6,
3552205,715115,Operador De Escavadeira,199,255,224,2672.38,2842.79,3277.52,0,0,1,12.6,
3552205,515305,Educador Social,170,159,208,1696.27,1999.42,2179.77,0,0,1,22.4,
3552205,391130,Técnico De Planejamento E Programação Da Manutenção,212,228,194,3763.94,4646.19,5157.33,0,0,1,-8.5,
3552205,300105,Técnico Em Mecatrônica - Automação Da Manufatura,164,192,176,4625.66,5312.35,6159.54,0,0,1,7.3,
3552205,773510,Operador De Máquinas De Usinar Madeira (Cnc),48,109,88,2195.13,2152.97,2679.28,0,0,1,83.3,
3552205,252540,Analista De Produtos Bancários,23,47,87,4101.36,3366.89,3009.67,0,1,1,278.3,
3552205,261210,Documentalista,84,81,87,4037.02,4015.74,4159.49,1,1,1,3.6,0.0
3552205,202120,Tecnólogo Em Automação Industrial,66,65,79,2100.61,4058.06,3007.43,0,0,1,19.7,
3552205,142130,Analista De Riscos,0,4,72,,3558.09,3049.86,0,0,1,,
3552205,354705,Representante Comercial Autônomo,125,97,71,1916.34,2776.5,3126.82,1,1,1,-43.2,0.0
3552205,253120,Diretor De Mídia (Publicidade),87,96,66,3788.27,3508.41,5474.27,0,0,1,-24.1,
3552205,253135,Diretor De Contas (Publicidade),6,61,51,5325.21,3766.17,4285.64,1,1,1,750.0,0.0
3552205,351105,Técnico De Contabilidade,94,54,51,4013.31,3039.24,3665.32,0,0,1,-45.7,
3552205,840110,Supervisor Da Indústria De Bebidas,53,49,48,7383.68,7816.13,9058.3,0,1,1,-9.4,
3552205,311515,"Técnico De Utilidade (Produção E Distribuição De Vapor, Gases, Óleos, Combustíveis, Energia)",68,43,41,5531.78,8332.11,8706.86,0,0,1,-39.7,
3552205,252605,Gestor Em Segurança,24,28,40,4563.6,5792.16,6057.06,1,3,1,66.7,0.0
3552205,732120,Instalador De Linhas Elétricas De Alta E Baixa - Tensão (Rede Aérea E Subterrânea),24,34,35,3135.15,2742.49,5258.31,0,0,1,45.8,
3552205,341320,Condutor De Máquinas (Bombeador),10,8,29,2068.93,2250.88,2705.97,0,0,1,190.0,
3552205,322235,Auxiliar De Enfermagem Do Trabalho,41,31,28,2875.8,3035.31,3602.19,0,0,1,-31.7,
3552205,410220,Supervisor De Controle Patrimonial,80,56,26,3549.91,4050.81,5089.64,1,1,1,-67.5,0.0
3552205,142340,Ouvidor,17,21,23,5306.48,5230.83,5943.39,0,0,1,35.3,
3552205,710115,Supervisor De Perfuração E Desmonte,23,23,23,3487.06,3819.67,4648.26,0,0,1,0.0,
3552205,766150,Operador De Processo De Tratamento De Imagem,15,26,22,1817.58,2277.03,4573.88,0,0,1,46.7,
3552205,261120,Editor,29,22,20,2647.97,3026.36,5352.09,0,0,1,-31.0,
3552205,720125,Mestre De Fundição,11,8,18,5756.76,5022.33,4772.46,0,0,1,63.6,
3552205,252320,Tecnólogo Em Secretariado Escolar,17,11,15,2418.36,2354.87,3114.49,0,0,1,-11.8,
3552205,773355,Torneiro Na Usinagem Convencional De Madeira,22,10,12,2410.55,3274.51,5351.81,0,0,1,-45.5,
3552205,514105,Ascensorista,0,1,11,,4575.34,4740.51,0,0,1,,
3552205,122620,Diretor De Operações De Serviços De Transporte,2,9,10,25292.51,6155.29,6811.45,2,1,1,400.0,-50.0
3552205,261820,Repórter Fotográfico,6,5,5,5259.39,6294.89,18829.67,0,0,1,-16.7,
3552205,254410,Fiscal De Tributos Municipal,0,2,5,,1949.34,5267.61,0,0,1,,
3552205,262215,Diretor De Programas De Televisão,3,3,4,11288.46,10464.24,14335.61,0,0,1,33.3,
3552205,241020,Advogado (Direito Público),7,1,3,10872.02,19722.24,10698.87,1,1,1,-57.1,0.0
3552205,122105,Diretor De Produção E Operações Em Empresa Agropecuária,3,3,1,3173.1,3950.54,42521.84,0,0,1,-66.7,
3552205,225130,Médico De Família E Comunidade,1,1,1,12241.61,14000.87,15385.95,0,1,1,0.0,
3552205,141725,Gerente De Crédito Imobiliário,0,1,1,,7684.29,43936.85,0,0,1,,
3552205,225139,Médico Sanitarista,1,1,1,12819.03,12612.5,14717.52,0,0,1,0.0,
3552205,353210,Técnico De Operações E Serviços Bancários - Crédito Imobiliário,0,0,1,,,53733.7,0,0,1,,
3552205,215120,Coordenador De Operações De Combate À Poluição No Meio Aquaviário,1,1,1,15476.46,15449.29,17660.8,1,1,1,0.0,0.0
3552205,122610,Diretor De Operações De Serviços De Armazenamento,0,1,1,,34669.72,42308.25,0,1,1,,
3552205,374415,Finalizador De Vídeo,1,1,1,4059.05,4170.48,54580.82,0,0,1,0.0,
3552205,241310,Oficial Do Registro Civil De Pessoas Jurídicas,1,1,1,13323.96,15882.58,15540.13,0,1,1,0.0,
3552205,241335,Tabelião De Notas,1,1,1,21131.34,25187.2,27608.23,1,1,1,0.0,0.0
3552205,710120,Supervisor De Produção Na Mineração,11,11,1,6098.81,7450.54,15945.03,0,0,1,-90.9,
